dataset,matcher,precision,recall,f1-measure
cmt-conference,core_platform,0.5714285714285714,0.26666666666666666,0.36363636363636365
cmt-conference,majority_vote,0.6,0.2,0.3
cmt-conference,ngramDistance,0.4444444444444444,0.26666666666666666,0.33333333333333337
cmt-conference,level2_monge_elkandeunimadwsoamatchingmatcherstructurallevelGraphBasedUsedPropertyMatcher,0.013349514563106795,0.7333333333333333,0.026221692491060784
cmt-conference,wuPalmer,0.3,0.4,0.34285714285714286
cmt-conference,wuPalmerdeunimadwsoamatchingmatcherstructurallevelSimilarityFloodingMatcher,0.0,0.0,0.0
cmt-conference,path,0.625,0.3333333333333333,0.43478260869565216
cmt-conference,lin,0.5555555555555556,0.3333333333333333,0.4166666666666667
cmt-conference,level2_jara_winklerdeunimadwsoamatchingmatcherstructurallevelGraphBasedUsedPropertyMatcher,0.08661417322834646,0.7333333333333333,0.15492957746478875
cmt-conference,jaroWinklerMeasuredeunimadwsoamatchingmatcherstructurallevelGraphBasedUsedPropertyMatcher,0.09090909090909091,0.4,0.14814814814814814
cmt-conference,jaroWinklerMeasure,0.09090909090909091,0.4,0.14814814814814814
cmt-conference,word2Vec,0.5714285714285714,0.26666666666666666,0.36363636363636365
cmt-conference,level2_jara_winkler,0.08661417322834646,0.7333333333333333,0.15492957746478875
cmt-conference,prefix,0.1724137931034483,0.3333333333333333,0.22727272727272724
cmt-conference,level2_jara_winklerdeunimadwsoamatchingmatcherstructurallevelSimilarityFloodingMatcher,0.0,0.0,0.0
cmt-conference,ngramDistancedeunimadwsoamatchingmatcherstructurallevelGraphBasedUsedPropertyMatcher,0.4444444444444444,0.26666666666666666,0.33333333333333337
cmt-conference,equalDistancedeunimadwsoamatchingmatcherstructurallevelGraphBasedUsedPropertyMatcher,0.6,0.2,0.3
cmt-conference,word2VecStemmed,0.6,0.2,0.3
cmt-conference,jaccard,0.6666666666666666,0.26666666666666666,0.3809523809523809
cmt-conference,level2_monge_elkan,0.013349514563106795,0.7333333333333333,0.026221692491060784
cmt-conference,suffix,0.2903225806451613,0.6,0.3913043478260869
cmt-conference,esaSim,0.4444444444444444,0.26666666666666666,0.33333333333333337
cmt-conference,level2_jaro,0.09322033898305085,0.7333333333333333,0.16541353383458648
cmt-conference,wuPalmerdeunimadwsoamatchingmatcherstructurallevelGraphBasedUsedPropertyMatcher,0.3,0.4,0.34285714285714286
cmt-conference,smoaDistance,0.18461538461538463,0.8,0.3
cmt-conference,level2_monge_elkandeunimadwsoamatchingmatcherstructurallevelSimilarityFloodingMatcher,0.0,0.0,0.0
cmt-conference,jiangConrath,0.5714285714285714,0.26666666666666666,0.36363636363636365
cmt-conference,needlemanWunsch2Distance,0.6666666666666666,0.26666666666666666,0.3809523809523809
cmt-conference,umbcSim,0.4444444444444444,0.26666666666666666,0.33333333333333337
cmt-conference,soft_tfidf_jaro,0.3333333333333333,0.4666666666666667,0.3888888888888889
cmt-conference,mongeElkan,0.14473684210526316,0.7333333333333333,0.24175824175824176
cmt-conference,simple_tfidf,0.5454545454545454,0.4,0.4615384615384615
cmt-conference,jaro_winkler_tfidf,0.3333333333333333,0.4666666666666667,0.3888888888888889
cmt-conference,levenshteinDistance,0.5714285714285714,0.26666666666666666,0.36363636363636365
cmt-conference,hammingDistance,0.6,0.2,0.3
cmt-conference,equalDistancedeunimadwsoamatchingmatcherstructurallevelSimilarityFloodingMatcher,0.0,0.0,0.0
cmt-conference,equalDistance,0.6,0.2,0.3
cmt-conference,subStringDistance,0.25,0.2,0.22222222222222224
cmt-conference,ngramDistancedeunimadwsoamatchingmatcherstructurallevelSimilarityFloodingMatcher,0.0,0.0,0.0
cmt-conference,jaroWinklerMeasuredeunimadwsoamatchingmatcherstructurallevelSimilarityFloodingMatcher,0.0,0.0,0.0
cmt-conference,jaroMeasure,0.17142857142857143,0.4,0.24000000000000002
cmt-conference,best_base_matcher,0.5454545454545454,0.4,0.4615384615384615
cmt-confOf,core_platform,0.75,0.375,0.5
cmt-confOf,majority_vote,0.6666666666666666,0.25,0.36363636363636365
cmt-confOf,ngramDistance,0.5714285714285714,0.25,0.34782608695652173
cmt-confOf,wuPalmer,0.13636363636363635,0.375,0.19999999999999998
cmt-confOf,wuPalmerdeunimadwsoamatchingmatcherstructurallevelSimilarityFloodingMatcher,0.0,0.0,0.0
cmt-confOf,path,0.6666666666666666,0.375,0.4800000000000001
cmt-confOf,lin,0.5454545454545454,0.375,0.4444444444444444
cmt-confOf,level2_jara_winklerdeunimadwsoamatchingmatcherstructurallevelGraphBasedUsedPropertyMatcher,0.24,0.375,0.2926829268292683
cmt-confOf,jaroWinklerMeasuredeunimadwsoamatchingmatcherstructurallevelGraphBasedUsedPropertyMatcher,0.16666666666666666,0.375,0.23076923076923078
cmt-confOf,jaroWinklerMeasure,0.16666666666666666,0.375,0.23076923076923078
cmt-confOf,word2Vec,0.6666666666666666,0.375,0.4800000000000001
cmt-confOf,level2_jara_winkler,0.24,0.375,0.2926829268292683
cmt-confOf,prefix,0.35294117647058826,0.375,0.3636363636363636
cmt-confOf,level2_jara_winklerdeunimadwsoamatchingmatcherstructurallevelSimilarityFloodingMatcher,0.0,0.0,0.0
cmt-confOf,ngramDistancedeunimadwsoamatchingmatcherstructurallevelGraphBasedUsedPropertyMatcher,0.5714285714285714,0.25,0.34782608695652173
cmt-confOf,word2VecStemmed,0.6,0.1875,0.2857142857142857
cmt-confOf,jaccard,0.6666666666666666,0.25,0.36363636363636365
cmt-confOf,level2_monge_elkan,0.2608695652173913,0.375,0.30769230769230765
cmt-confOf,suffix,0.4117647058823529,0.4375,0.42424242424242425
cmt-confOf,esaSim,0.6666666666666666,0.375,0.4800000000000001
cmt-confOf,level2_jaro,0.25,0.375,0.3
cmt-confOf,wuPalmerdeunimadwsoamatchingmatcherstructurallevelGraphBasedUsedPropertyMatcher,0.13636363636363635,0.375,0.19999999999999998
cmt-confOf,smoaDistance,0.3333333333333333,0.5,0.4
cmt-confOf,jiangConrath,0.625,0.3125,0.4166666666666667
cmt-confOf,needlemanWunsch2Distance,0.6666666666666666,0.25,0.36363636363636365
cmt-confOf,umbcSim,0.5,0.375,0.42857142857142855
cmt-confOf,soft_tfidf_jaro,0.5,0.375,0.42857142857142855
cmt-confOf,mongeElkan,0.23684210526315788,0.5625,0.3333333333333333
cmt-confOf,simple_tfidf,0.7142857142857143,0.3125,0.43478260869565216
cmt-confOf,jaro_winkler_tfidf,0.5454545454545454,0.375,0.4444444444444444
cmt-confOf,levenshteinDistance,0.6666666666666666,0.25,0.36363636363636365
cmt-confOf,hammingDistance,0.6666666666666666,0.25,0.36363636363636365
cmt-confOf,equalDistance,0.6666666666666666,0.25,0.36363636363636365
cmt-confOf,subStringDistance,0.5,0.25,0.3333333333333333
cmt-confOf,ngramDistancedeunimadwsoamatchingmatcherstructurallevelSimilarityFloodingMatcher,0.0,0.0,0.0
cmt-confOf,jaroWinklerMeasuredeunimadwsoamatchingmatcherstructurallevelSimilarityFloodingMatcher,0.0,0.0,0.0
cmt-confOf,jaroMeasure,0.36363636363636365,0.25,0.2962962962962963
cmt-confOf,best_base_matcher,0.6666666666666666,0.375,0.4800000000000001
cmt-edas,core_platform,0.7272727272727273,0.6153846153846154,0.6666666666666667
cmt-edas,majority_vote,0.8888888888888888,0.6153846153846154,0.7272727272727274
cmt-edas,ngramDistance,0.6666666666666666,0.6153846153846154,0.64
cmt-edas,wuPalmer,0.2692307692307692,0.5384615384615384,0.3589743589743589
cmt-edas,wuPalmerdeunimadwsoamatchingmatcherstructurallevelSimilarityFloodingMatcher,0.0,0.0,0.0
cmt-edas,path,0.7777777777777778,0.5384615384615384,0.6363636363636364
cmt-edas,lin,0.6363636363636364,0.5384615384615384,0.5833333333333334
cmt-edas,level2_jara_winklerdeunimadwsoamatchingmatcherstructurallevelGraphBasedUsedPropertyMatcher,0.10638297872340426,0.7692307692307693,0.18691588785046728
cmt-edas,jaroWinklerMeasuredeunimadwsoamatchingmatcherstructurallevelGraphBasedUsedPropertyMatcher,0.11764705882352941,0.6153846153846154,0.19753086419753085
cmt-edas,jaroWinklerMeasure,0.11764705882352941,0.6153846153846154,0.19753086419753085
cmt-edas,word2Vec,0.6363636363636364,0.5384615384615384,0.5833333333333334
cmt-edas,level2_jara_winkler,0.10638297872340426,0.7692307692307693,0.18691588785046728
cmt-edas,prefix,0.2903225806451613,0.6923076923076923,0.4090909090909091
cmt-edas,level2_jara_winklerdeunimadwsoamatchingmatcherstructurallevelSimilarityFloodingMatcher,0.0,0.0,0.0
cmt-edas,ngramDistancedeunimadwsoamatchingmatcherstructurallevelGraphBasedUsedPropertyMatcher,0.6666666666666666,0.6153846153846154,0.64
cmt-edas,word2VecStemmed,0.625,0.38461538461538464,0.4761904761904762
cmt-edas,jaccard,1.0,0.6153846153846154,0.761904761904762
cmt-edas,level2_monge_elkan,0.09433962264150944,0.7692307692307693,0.16806722689075632
cmt-edas,suffix,0.2857142857142857,0.6153846153846154,0.3902439024390244
cmt-edas,esaSim,0.6363636363636364,0.5384615384615384,0.5833333333333334
cmt-edas,level2_jaro,0.11494252873563218,0.7692307692307693,0.2
cmt-edas,wuPalmerdeunimadwsoamatchingmatcherstructurallevelGraphBasedUsedPropertyMatcher,0.2692307692307692,0.5384615384615384,0.3589743589743589
cmt-edas,smoaDistance,0.16071428571428573,0.6923076923076923,0.26086956521739135
cmt-edas,jiangConrath,0.875,0.5384615384615384,0.6666666666666667
cmt-edas,needlemanWunsch2Distance,1.0,0.6153846153846154,0.761904761904762
cmt-edas,umbcSim,0.5833333333333334,0.5384615384615384,0.5599999999999999
cmt-edas,soft_tfidf_jaro,0.5,0.6923076923076923,0.5806451612903226
cmt-edas,mongeElkan,0.13846153846153847,0.6923076923076923,0.23076923076923078
cmt-edas,simple_tfidf,0.75,0.6923076923076923,0.7199999999999999
cmt-edas,jaro_winkler_tfidf,0.5625,0.6923076923076923,0.6206896551724138
cmt-edas,levenshteinDistance,0.8888888888888888,0.6153846153846154,0.7272727272727274
cmt-edas,hammingDistance,1.0,0.6153846153846154,0.761904761904762
cmt-edas,equalDistance,1.0,0.6153846153846154,0.761904761904762
cmt-edas,subStringDistance,0.5,0.6153846153846154,0.5517241379310345
cmt-edas,ngramDistancedeunimadwsoamatchingmatcherstructurallevelSimilarityFloodingMatcher,0.0,0.0,0.0
cmt-edas,jaroWinklerMeasuredeunimadwsoamatchingmatcherstructurallevelSimilarityFloodingMatcher,0.0,0.0,0.0
cmt-edas,jaroMeasure,0.23529411764705882,0.6153846153846154,0.3404255319148936
cmt-edas,best_base_matcher,1.0,0.6153846153846154,0.761904761904762
cmt-ekaw,core_platform,0.8333333333333334,0.45454545454545453,0.5882352941176471
cmt-ekaw,majority_vote,0.8333333333333334,0.45454545454545453,0.5882352941176471
cmt-ekaw,ngramDistance,0.7142857142857143,0.45454545454545453,0.5555555555555556
cmt-ekaw,wuPalmer,0.23809523809523808,0.45454545454545453,0.31249999999999994
cmt-ekaw,wuPalmerdeunimadwsoamatchingmatcherstructurallevelSimilarityFloodingMatcher,0.0,0.0,0.0
cmt-ekaw,path,0.7142857142857143,0.45454545454545453,0.5555555555555556
cmt-ekaw,lin,0.7142857142857143,0.45454545454545453,0.5555555555555556
cmt-ekaw,level2_jara_winklerdeunimadwsoamatchingmatcherstructurallevelGraphBasedUsedPropertyMatcher,0.08860759493670886,0.6363636363636364,0.15555555555555556
cmt-ekaw,jaroWinklerMeasuredeunimadwsoamatchingmatcherstructurallevelGraphBasedUsedPropertyMatcher,0.11764705882352941,0.5454545454545454,0.1935483870967742
cmt-ekaw,jaroWinklerMeasure,0.11764705882352941,0.5454545454545454,0.1935483870967742
cmt-ekaw,word2Vec,0.625,0.45454545454545453,0.5263157894736842
cmt-ekaw,level2_jara_winkler,0.08860759493670886,0.6363636363636364,0.15555555555555556
cmt-ekaw,prefix,0.2777777777777778,0.45454545454545453,0.3448275862068966
cmt-ekaw,level2_jara_winklerdeunimadwsoamatchingmatcherstructurallevelSimilarityFloodingMatcher,0.0,0.0,0.0
cmt-ekaw,ngramDistancedeunimadwsoamatchingmatcherstructurallevelGraphBasedUsedPropertyMatcher,0.7142857142857143,0.45454545454545453,0.5555555555555556
cmt-ekaw,equalDistancedeunimadwsoamatchingmatcherstructurallevelGraphBasedUsedPropertyMatcher,0.8333333333333334,0.45454545454545453,0.5882352941176471
cmt-ekaw,word2VecStemmed,0.6666666666666666,0.36363636363636365,0.4705882352941177
cmt-ekaw,jaccard,0.8333333333333334,0.45454545454545453,0.5882352941176471
cmt-ekaw,level2_monge_elkan,0.1044776119402985,0.6363636363636364,0.17948717948717952
cmt-ekaw,suffix,0.2692307692307692,0.6363636363636364,0.37837837837837834
cmt-ekaw,esaSim,0.625,0.45454545454545453,0.5263157894736842
cmt-ekaw,level2_jaro,0.0945945945945946,0.6363636363636364,0.16470588235294117
cmt-ekaw,wuPalmerdeunimadwsoamatchingmatcherstructurallevelGraphBasedUsedPropertyMatcher,0.23809523809523808,0.45454545454545453,0.31249999999999994
cmt-ekaw,smoaDistance,0.1891891891891892,0.6363636363636364,0.2916666666666667
cmt-ekaw,jiangConrath,0.7142857142857143,0.45454545454545453,0.5555555555555556
cmt-ekaw,needlemanWunsch2Distance,0.8333333333333334,0.45454545454545453,0.5882352941176471
cmt-ekaw,umbcSim,0.5555555555555556,0.45454545454545453,0.5
cmt-ekaw,soft_tfidf_jaro,0.5,0.5454545454545454,0.5217391304347826
cmt-ekaw,mongeElkan,0.15217391304347827,0.6363636363636364,0.2456140350877193
cmt-ekaw,simple_tfidf,0.6666666666666666,0.5454545454545454,0.6
cmt-ekaw,jaro_winkler_tfidf,0.5454545454545454,0.5454545454545454,0.5454545454545454
cmt-ekaw,levenshteinDistance,0.8333333333333334,0.45454545454545453,0.5882352941176471
cmt-ekaw,hammingDistance,0.8333333333333334,0.45454545454545453,0.5882352941176471
cmt-ekaw,equalDistancedeunimadwsoamatchingmatcherstructurallevelSimilarityFloodingMatcher,0.0,0.0,0.0
cmt-ekaw,equalDistance,0.8333333333333334,0.45454545454545453,0.5882352941176471
cmt-ekaw,subStringDistance,0.5555555555555556,0.45454545454545453,0.5
cmt-ekaw,ngramDistancedeunimadwsoamatchingmatcherstructurallevelSimilarityFloodingMatcher,0.0,0.0,0.0
cmt-ekaw,jaroWinklerMeasuredeunimadwsoamatchingmatcherstructurallevelSimilarityFloodingMatcher,0.0,0.0,0.0
cmt-ekaw,jaroMeasure,0.21739130434782608,0.45454545454545453,0.29411764705882354
cmt-ekaw,best_base_matcher,0.6666666666666666,0.5454545454545454,0.6
cmt-iasted,core_platform,0.5714285714285714,1.0,0.7272727272727273
cmt-iasted,majority_vote,0.8,1.0,0.888888888888889
cmt-iasted,ngramDistance,0.4444444444444444,1.0,0.6153846153846153
cmt-iasted,level2_monge_elkandeunimadwsoamatchingmatcherstructurallevelGraphBasedUsedPropertyMatcher,0.034782608695652174,1.0,0.06722689075630252
cmt-iasted,wuPalmer,0.0975609756097561,1.0,0.17777777777777776
cmt-iasted,wuPalmerdeunimadwsoamatchingmatcherstructurallevelSimilarityFloodingMatcher,0.0,0.0,0.0
cmt-iasted,path,0.8,1.0,0.888888888888889
cmt-iasted,lin,0.6666666666666666,1.0,0.8
cmt-iasted,level2_jara_winklerdeunimadwsoamatchingmatcherstructurallevelGraphBasedUsedPropertyMatcher,0.06451612903225806,1.0,0.12121212121212122
cmt-iasted,jaroWinklerMeasuredeunimadwsoamatchingmatcherstructurallevelGraphBasedUsedPropertyMatcher,0.07142857142857142,1.0,0.13333333333333333
cmt-iasted,word2VecdeunimadwsoamatchingmatcherstructurallevelSimilarityFloodingMatcher,0.0,0.0,0.0
cmt-iasted,jaroWinklerMeasure,0.07142857142857142,1.0,0.13333333333333333
cmt-iasted,word2Vec,0.8,1.0,0.888888888888889
cmt-iasted,level2_jara_winkler,0.06451612903225806,1.0,0.12121212121212122
cmt-iasted,prefix,0.15384615384615385,1.0,0.2666666666666667
cmt-iasted,level2_jara_winklerdeunimadwsoamatchingmatcherstructurallevelSimilarityFloodingMatcher,0.0,0.0,0.0
cmt-iasted,ngramDistancedeunimadwsoamatchingmatcherstructurallevelGraphBasedUsedPropertyMatcher,0.4444444444444444,1.0,0.6153846153846153
cmt-iasted,word2VecStemmed,0.75,0.75,0.75
cmt-iasted,jaccard,0.8,1.0,0.888888888888889
cmt-iasted,level2_monge_elkan,0.034782608695652174,1.0,0.06722689075630252
cmt-iasted,suffix,0.2857142857142857,1.0,0.4444444444444445
cmt-iasted,word2VecStemmeddeunimadwsoamatchingmatcherstructurallevelSimilarityFloodingMatcher,0.0,0.0,0.0
cmt-iasted,esaSim,0.5,1.0,0.6666666666666666
cmt-iasted,suffixdeunimadwsoamatchingmatcherstructurallevelSimilarityFloodingMatcher,0.0,0.0,0.0
cmt-iasted,level2_jaro,0.07547169811320754,1.0,0.14035087719298245
cmt-iasted,wuPalmerdeunimadwsoamatchingmatcherstructurallevelGraphBasedUsedPropertyMatcher,0.0975609756097561,1.0,0.17777777777777776
cmt-iasted,smoaDistance,0.08333333333333333,1.0,0.15384615384615385
cmt-iasted,level2_monge_elkandeunimadwsoamatchingmatcherstructurallevelSimilarityFloodingMatcher,0.0,0.0,0.0
cmt-iasted,jiangConrath,0.8,1.0,0.888888888888889
cmt-iasted,needlemanWunsch2Distance,0.6666666666666666,1.0,0.8
cmt-iasted,umbcSim,0.5714285714285714,1.0,0.7272727272727273
cmt-iasted,soft_tfidf_jaro,0.3333333333333333,1.0,0.5
cmt-iasted,suffixdeunimadwsoamatchingmatcherstructurallevelGraphBasedUsedPropertyMatcher,0.2857142857142857,1.0,0.4444444444444445
cmt-iasted,word2VecStemmeddeunimadwsoamatchingmatcherstructurallevelGraphBasedUsedPropertyMatcher,0.75,0.75,0.75
cmt-iasted,word2VecdeunimadwsoamatchingmatcherstructurallevelGraphBasedUsedPropertyMatcher,0.8,1.0,0.888888888888889
cmt-iasted,mongeElkan,0.06557377049180328,1.0,0.12307692307692307
cmt-iasted,simple_tfidf,0.5714285714285714,1.0,0.7272727272727273
cmt-iasted,jaro_winkler_tfidf,0.36363636363636365,1.0,0.5333333333333333
cmt-iasted,levenshteinDistance,0.6666666666666666,1.0,0.8
cmt-iasted,hammingDistance,0.6666666666666666,1.0,0.8
cmt-iasted,equalDistance,0.8,1.0,0.888888888888889
cmt-iasted,subStringDistance,0.3333333333333333,1.0,0.5
cmt-iasted,ngramDistancedeunimadwsoamatchingmatcherstructurallevelSimilarityFloodingMatcher,0.0,0.0,0.0
cmt-iasted,jaroWinklerMeasuredeunimadwsoamatchingmatcherstructurallevelSimilarityFloodingMatcher,0.0,0.0,0.0
cmt-iasted,jaroMeasure,0.125,1.0,0.2222222222222222
cmt-iasted,best_base_matcher,0.8,1.0,0.888888888888889
cmt-sigkdd,core_platform,0.7777777777777778,0.5833333333333334,0.6666666666666666
cmt-sigkdd,majority_vote,0.7777777777777778,0.5833333333333334,0.6666666666666666
cmt-sigkdd,ngramDistance,0.6666666666666666,0.6666666666666666,0.6666666666666666
cmt-sigkdd,wuPalmer,0.2692307692307692,0.5833333333333334,0.3684210526315789
cmt-sigkdd,wuPalmerdeunimadwsoamatchingmatcherstructurallevelSimilarityFloodingMatcher,0.0,0.0,0.0
cmt-sigkdd,path,0.7777777777777778,0.5833333333333334,0.6666666666666666
cmt-sigkdd,lin,0.7,0.5833333333333334,0.6363636363636365
cmt-sigkdd,level2_jara_winklerdeunimadwsoamatchingmatcherstructurallevelGraphBasedUsedPropertyMatcher,0.1694915254237288,0.8333333333333334,0.2816901408450704
cmt-sigkdd,jaroWinklerMeasuredeunimadwsoamatchingmatcherstructurallevelGraphBasedUsedPropertyMatcher,0.3055555555555556,0.9166666666666666,0.4583333333333333
cmt-sigkdd,jaroWinklerMeasure,0.3055555555555556,0.9166666666666666,0.4583333333333333
cmt-sigkdd,word2Vec,0.7777777777777778,0.5833333333333334,0.6666666666666666
cmt-sigkdd,level2_jara_winkler,0.1694915254237288,0.8333333333333334,0.2816901408450704
cmt-sigkdd,prefix,0.38095238095238093,0.6666666666666666,0.4848484848484849
cmt-sigkdd,level2_jara_winklerdeunimadwsoamatchingmatcherstructurallevelSimilarityFloodingMatcher,0.0,0.0,0.0
cmt-sigkdd,ngramDistancedeunimadwsoamatchingmatcherstructurallevelGraphBasedUsedPropertyMatcher,0.6666666666666666,0.6666666666666666,0.6666666666666666
cmt-sigkdd,word2VecStemmed,0.75,0.5,0.6
cmt-sigkdd,jaccard,0.8181818181818182,0.75,0.7826086956521738
cmt-sigkdd,level2_monge_elkan,0.20454545454545456,0.75,0.3214285714285714
cmt-sigkdd,suffix,0.5,0.5833333333333334,0.5384615384615384
cmt-sigkdd,esaSim,0.7777777777777778,0.5833333333333334,0.6666666666666666
cmt-sigkdd,level2_jaro,0.17543859649122806,0.8333333333333334,0.28985507246376807
cmt-sigkdd,wuPalmerdeunimadwsoamatchingmatcherstructurallevelGraphBasedUsedPropertyMatcher,0.2692307692307692,0.5833333333333334,0.3684210526315789
cmt-sigkdd,smoaDistance,0.3055555555555556,0.9166666666666666,0.4583333333333333
cmt-sigkdd,jiangConrath,0.75,0.5,0.6
cmt-sigkdd,needlemanWunsch2Distance,0.75,0.75,0.75
cmt-sigkdd,umbcSim,0.7,0.5833333333333334,0.6363636363636365
cmt-sigkdd,soft_tfidf_jaro,0.5,0.8333333333333334,0.625
cmt-sigkdd,mongeElkan,0.19047619047619047,0.6666666666666666,0.2962962962962963
cmt-sigkdd,simple_tfidf,0.625,0.8333333333333334,0.7142857142857143
cmt-sigkdd,jaro_winkler_tfidf,0.5882352941176471,0.8333333333333334,0.6896551724137931
cmt-sigkdd,levenshteinDistance,0.75,0.75,0.75
cmt-sigkdd,hammingDistance,0.7,0.5833333333333334,0.6363636363636365
cmt-sigkdd,equalDistance,0.7777777777777778,0.5833333333333334,0.6666666666666666
cmt-sigkdd,subStringDistance,0.5384615384615384,0.5833333333333334,0.5599999999999999
cmt-sigkdd,ngramDistancedeunimadwsoamatchingmatcherstructurallevelSimilarityFloodingMatcher,0.0,0.0,0.0
cmt-sigkdd,jaroWinklerMeasuredeunimadwsoamatchingmatcherstructurallevelSimilarityFloodingMatcher,0.0,0.0,0.0
cmt-sigkdd,jaroMeasure,0.43478260869565216,0.8333333333333334,0.5714285714285714
cmt-sigkdd,best_base_matcher,0.8181818181818182,0.75,0.7826086956521738
conference-confOf,core_platform,0.8,0.5333333333333333,0.64
conference-confOf,majority_vote,0.8888888888888888,0.5333333333333333,0.6666666666666667
conference-confOf,ngramDistance,0.7777777777777778,0.4666666666666667,0.5833333333333334
conference-confOf,wuPalmer,0.24324324324324326,0.6,0.34615384615384615
conference-confOf,wuPalmerdeunimadwsoamatchingmatcherstructurallevelSimilarityFloodingMatcher,0.0,0.0,0.0
conference-confOf,path,0.8,0.5333333333333333,0.64
conference-confOf,lin,0.6666666666666666,0.5333333333333333,0.5925925925925926
conference-confOf,jaroWinklerMeasuredeunimadwsoamatchingmatcherstructurallevelGraphBasedUsedPropertyMatcher,0.1694915254237288,0.6666666666666666,0.27027027027027023
conference-confOf,jaroWinklerMeasure,0.1694915254237288,0.6666666666666666,0.27027027027027023
conference-confOf,word2Vec,0.8,0.5333333333333333,0.64
conference-confOf,level2_jara_winkler,0.2564102564102564,0.6666666666666666,0.37037037037037035
conference-confOf,prefix,0.2962962962962963,0.5333333333333333,0.38095238095238093
conference-confOf,ngramDistancedeunimadwsoamatchingmatcherstructurallevelGraphBasedUsedPropertyMatcher,0.7777777777777778,0.4666666666666667,0.5833333333333334
conference-confOf,word2VecStemmed,0.875,0.4666666666666667,0.608695652173913
conference-confOf,jaccard,0.875,0.4666666666666667,0.608695652173913
conference-confOf,level2_monge_elkan,0.17647058823529413,0.6,0.2727272727272727
conference-confOf,suffix,0.38461538461538464,0.6666666666666666,0.4878048780487804
conference-confOf,word2VecStemmeddeunimadwsoamatchingmatcherstructurallevelSimilarityFloodingMatcher,0.0,0.0,0.0
conference-confOf,esaSim,0.6153846153846154,0.5333333333333333,0.5714285714285715
conference-confOf,level2_jaro,0.3333333333333333,0.6666666666666666,0.4444444444444444
conference-confOf,wuPalmerdeunimadwsoamatchingmatcherstructurallevelGraphBasedUsedPropertyMatcher,0.24324324324324326,0.6,0.34615384615384615
conference-confOf,smoaDistance,0.2653061224489796,0.8666666666666667,0.40625
conference-confOf,jiangConrath,0.7777777777777778,0.4666666666666667,0.5833333333333334
conference-confOf,needlemanWunsch2Distance,0.875,0.4666666666666667,0.608695652173913
conference-confOf,umbcSim,0.6666666666666666,0.5333333333333333,0.5925925925925926
conference-confOf,soft_tfidf_jaro,0.55,0.7333333333333333,0.6285714285714286
conference-confOf,word2VecStemmeddeunimadwsoamatchingmatcherstructurallevelGraphBasedUsedPropertyMatcher,0.875,0.4666666666666667,0.608695652173913
conference-confOf,mongeElkan,0.16666666666666666,0.8,0.27586206896551724
conference-confOf,simple_tfidf,0.7857142857142857,0.7333333333333333,0.7586206896551724
conference-confOf,jaro_winkler_tfidf,0.6470588235294118,0.7333333333333333,0.6875
conference-confOf,levenshteinDistance,0.7777777777777778,0.4666666666666667,0.5833333333333334
conference-confOf,hammingDistance,0.875,0.4666666666666667,0.608695652173913
conference-confOf,equalDistance,0.875,0.4666666666666667,0.608695652173913
conference-confOf,subStringDistance,0.5833333333333334,0.4666666666666667,0.5185185185185186
conference-confOf,ngramDistancedeunimadwsoamatchingmatcherstructurallevelSimilarityFloodingMatcher,0.0,0.0,0.0
conference-confOf,jaroWinklerMeasuredeunimadwsoamatchingmatcherstructurallevelSimilarityFloodingMatcher,0.0,0.0,0.0
conference-confOf,jaroMeasure,0.34615384615384615,0.6,0.43902439024390244
conference-confOf,best_base_matcher,0.7857142857142857,0.7333333333333333,0.7586206896551724
conference-edas,core_platform,0.7777777777777778,0.4117647058823529,0.5384615384615384
conference-edas,majority_vote,0.7777777777777778,0.4117647058823529,0.5384615384615384
conference-edas,ngramDistance,0.5833333333333334,0.4117647058823529,0.4827586206896552
conference-edas,wuPalmer,0.27586206896551724,0.47058823529411764,0.34782608695652173
conference-edas,wuPalmerdeunimadwsoamatchingmatcherstructurallevelSimilarityFloodingMatcher,0.0,0.0,0.0
conference-edas,path,0.5833333333333334,0.4117647058823529,0.4827586206896552
conference-edas,lin,0.4375,0.4117647058823529,0.42424242424242425
conference-edas,level2_jara_winklerdeunimadwsoamatchingmatcherstructurallevelGraphBasedUsedPropertyMatcher,0.046632124352331605,0.5294117647058824,0.0857142857142857
conference-edas,jaroWinklerMeasuredeunimadwsoamatchingmatcherstructurallevelGraphBasedUsedPropertyMatcher,0.08053691275167785,0.7058823529411765,0.14457831325301204
conference-edas,jaroWinklerMeasure,0.08053691275167785,0.7058823529411765,0.14457831325301204
conference-edas,word2Vec,0.5384615384615384,0.4117647058823529,0.4666666666666667
conference-edas,level2_jara_winkler,0.046632124352331605,0.5294117647058824,0.0857142857142857
conference-edas,prefix,0.1951219512195122,0.47058823529411764,0.27586206896551724
conference-edas,level2_jara_winklerdeunimadwsoamatchingmatcherstructurallevelSimilarityFloodingMatcher,0.0,0.0,0.0
conference-edas,ngramDistancedeunimadwsoamatchingmatcherstructurallevelGraphBasedUsedPropertyMatcher,0.5833333333333334,0.4117647058823529,0.4827586206896552
conference-edas,equalDistancedeunimadwsoamatchingmatcherstructurallevelGraphBasedUsedPropertyMatcher,0.875,0.4117647058823529,0.56
conference-edas,word2VecStemmed,0.6,0.35294117647058826,0.4444444444444445
conference-edas,jaccard,0.875,0.4117647058823529,0.56
conference-edas,level2_monge_elkan,0.03896103896103896,0.5294117647058824,0.07258064516129033
conference-edas,suffix,0.16363636363636364,0.5294117647058824,0.24999999999999997
conference-edas,esaSim,0.3333333333333333,0.4117647058823529,0.36842105263157887
conference-edas,level2_jaro,0.0625,0.5294117647058824,0.11180124223602485
conference-edas,wuPalmerdeunimadwsoamatchingmatcherstructurallevelGraphBasedUsedPropertyMatcher,0.27586206896551724,0.47058823529411764,0.34782608695652173
conference-edas,smoaDistance,0.1262135922330097,0.7647058823529411,0.21666666666666667
conference-edas,jiangConrath,0.6363636363636364,0.4117647058823529,0.5
conference-edas,needlemanWunsch2Distance,0.875,0.4117647058823529,0.56
conference-edas,umbcSim,0.3888888888888889,0.4117647058823529,0.39999999999999997
conference-edas,soft_tfidf_jaro,0.4166666666666667,0.5882352941176471,0.48780487804878053
conference-edas,mongeElkan,0.08196721311475409,0.5882352941176471,0.14388489208633093
conference-edas,simple_tfidf,0.6666666666666666,0.5882352941176471,0.625
conference-edas,jaro_winkler_tfidf,0.45454545454545453,0.5882352941176471,0.5128205128205129
conference-edas,levenshteinDistance,0.7777777777777778,0.4117647058823529,0.5384615384615384
conference-edas,hammingDistance,0.875,0.4117647058823529,0.56
conference-edas,equalDistancedeunimadwsoamatchingmatcherstructurallevelSimilarityFloodingMatcher,0.0,0.0,0.0
conference-edas,equalDistance,0.875,0.4117647058823529,0.56
conference-edas,subStringDistance,0.4375,0.4117647058823529,0.42424242424242425
conference-edas,ngramDistancedeunimadwsoamatchingmatcherstructurallevelSimilarityFloodingMatcher,0.0,0.0,0.0
conference-edas,jaroWinklerMeasuredeunimadwsoamatchingmatcherstructurallevelSimilarityFloodingMatcher,0.0,0.0,0.0
conference-edas,jaroMeasure,0.15517241379310345,0.5294117647058824,0.24000000000000002
conference-edas,best_base_matcher,0.6666666666666666,0.5882352941176471,0.625
conference-ekaw,core_platform,0.6666666666666666,0.32,0.43243243243243246
conference-ekaw,majority_vote,0.6666666666666666,0.32,0.43243243243243246
conference-ekaw,ngramDistance,0.5,0.36,0.41860465116279066
conference-ekaw,wuPalmer,0.3888888888888889,0.28,0.32558139534883723
conference-ekaw,wuPalmerdeunimadwsoamatchingmatcherstructurallevelSimilarityFloodingMatcher,0.0,0.0,0.0
conference-ekaw,path,0.7,0.28,0.4
conference-ekaw,lin,0.6363636363636364,0.28,0.3888888888888889
conference-ekaw,level2_jara_winklerdeunimadwsoamatchingmatcherstructurallevelGraphBasedUsedPropertyMatcher,0.08695652173913043,0.48,0.147239263803681
conference-ekaw,jaroWinklerMeasuredeunimadwsoamatchingmatcherstructurallevelGraphBasedUsedPropertyMatcher,0.1095890410958904,0.64,0.1871345029239766
conference-ekaw,jaroWinklerMeasure,0.1095890410958904,0.64,0.1871345029239766
conference-ekaw,word2Vec,0.5833333333333334,0.28,0.3783783783783784
conference-ekaw,level2_jara_winkler,0.08695652173913043,0.48,0.147239263803681
conference-ekaw,prefix,0.2,0.4,0.26666666666666666
conference-ekaw,level2_jara_winklerdeunimadwsoamatchingmatcherstructurallevelSimilarityFloodingMatcher,0.0,0.0,0.0
conference-ekaw,ngramDistancedeunimadwsoamatchingmatcherstructurallevelGraphBasedUsedPropertyMatcher,0.5,0.36,0.41860465116279066
conference-ekaw,equalDistancedeunimadwsoamatchingmatcherstructurallevelGraphBasedUsedPropertyMatcher,0.6666666666666666,0.32,0.43243243243243246
conference-ekaw,word2VecStemmed,0.75,0.24,0.36363636363636365
conference-ekaw,jaccard,0.6666666666666666,0.32,0.43243243243243246
conference-ekaw,level2_monge_elkan,0.11320754716981132,0.48,0.183206106870229
conference-ekaw,suffix,0.22,0.44,0.29333333333333333
conference-ekaw,esaSim,0.3888888888888889,0.28,0.32558139534883723
conference-ekaw,level2_jaro,0.10526315789473684,0.48,0.1726618705035971
conference-ekaw,wuPalmerdeunimadwsoamatchingmatcherstructurallevelGraphBasedUsedPropertyMatcher,0.3888888888888889,0.28,0.32558139534883723
conference-ekaw,smoaDistance,0.1308411214953271,0.56,0.2121212121212121
conference-ekaw,jiangConrath,0.7,0.28,0.4
conference-ekaw,needlemanWunsch2Distance,0.6923076923076923,0.36,0.47368421052631576
conference-ekaw,umbcSim,0.5,0.32,0.39024390243902435
conference-ekaw,soft_tfidf_jaro,0.39285714285714285,0.44,0.4150943396226415
conference-ekaw,mongeElkan,0.13157894736842105,0.6,0.21582733812949642
conference-ekaw,simple_tfidf,0.5263157894736842,0.4,0.45454545454545453
conference-ekaw,jaro_winkler_tfidf,0.4782608695652174,0.44,0.4583333333333333
conference-ekaw,levenshteinDistance,0.6428571428571429,0.36,0.4615384615384615
conference-ekaw,hammingDistance,0.6428571428571429,0.36,0.4615384615384615
conference-ekaw,equalDistancedeunimadwsoamatchingmatcherstructurallevelSimilarityFloodingMatcher,0.0,0.0,0.0
conference-ekaw,equalDistance,0.6666666666666666,0.32,0.43243243243243246
conference-ekaw,subStringDistance,0.4090909090909091,0.36,0.3829787234042554
conference-ekaw,ngramDistancedeunimadwsoamatchingmatcherstructurallevelSimilarityFloodingMatcher,0.0,0.0,0.0
conference-ekaw,jaroWinklerMeasuredeunimadwsoamatchingmatcherstructurallevelSimilarityFloodingMatcher,0.0,0.0,0.0
conference-ekaw,jaroMeasure,0.14285714285714285,0.48,0.2201834862385321
conference-ekaw,best_base_matcher,0.6923076923076923,0.36,0.47368421052631576
conference-iasted,core_platform,0.5714285714285714,0.2857142857142857,0.38095238095238093
conference-iasted,majority_vote,0.6666666666666666,0.2857142857142857,0.4
conference-iasted,ngramDistance,0.5,0.2857142857142857,0.36363636363636365
conference-iasted,level2_monge_elkandeunimadwsoamatchingmatcherstructurallevelGraphBasedUsedPropertyMatcher,0.024154589371980676,0.35714285714285715,0.04524886877828054
conference-iasted,wuPalmer,0.18518518518518517,0.35714285714285715,0.24390243902439024
conference-iasted,wuPalmerdeunimadwsoamatchingmatcherstructurallevelSimilarityFloodingMatcher,0.0,0.0,0.0
conference-iasted,path,0.5714285714285714,0.2857142857142857,0.38095238095238093
conference-iasted,lin,0.4444444444444444,0.2857142857142857,0.34782608695652173
conference-iasted,level2_jara_winklerdeunimadwsoamatchingmatcherstructurallevelGraphBasedUsedPropertyMatcher,0.025806451612903226,0.2857142857142857,0.047337278106508875
conference-iasted,jaroWinklerMeasuredeunimadwsoamatchingmatcherstructurallevelGraphBasedUsedPropertyMatcher,0.03488372093023256,0.42857142857142855,0.06451612903225806
conference-iasted,word2VecdeunimadwsoamatchingmatcherstructurallevelSimilarityFloodingMatcher,0.0,0.0,0.0
conference-iasted,jaroWinklerMeasure,0.03488372093023256,0.42857142857142855,0.06451612903225806
conference-iasted,word2Vec,0.5714285714285714,0.2857142857142857,0.38095238095238093
conference-iasted,level2_jara_winkler,0.025806451612903226,0.2857142857142857,0.047337278106508875
conference-iasted,prefix,0.14285714285714285,0.2857142857142857,0.19047619047619047
conference-iasted,level2_jara_winklerdeunimadwsoamatchingmatcherstructurallevelSimilarityFloodingMatcher,0.0,0.0,0.0
conference-iasted,ngramDistancedeunimadwsoamatchingmatcherstructurallevelGraphBasedUsedPropertyMatcher,0.5,0.2857142857142857,0.36363636363636365
conference-iasted,equalDistancedeunimadwsoamatchingmatcherstructurallevelGraphBasedUsedPropertyMatcher,0.6666666666666666,0.2857142857142857,0.4
conference-iasted,word2VecStemmed,0.5,0.14285714285714285,0.22222222222222224
conference-iasted,jaccard,0.6666666666666666,0.2857142857142857,0.4
conference-iasted,level2_monge_elkan,0.024154589371980676,0.35714285714285715,0.04524886877828054
conference-iasted,suffix,0.35294117647058826,0.42857142857142855,0.3870967741935484
conference-iasted,word2VecStemmeddeunimadwsoamatchingmatcherstructurallevelSimilarityFloodingMatcher,0.0,0.0,0.0
conference-iasted,esaSim,0.5714285714285714,0.2857142857142857,0.38095238095238093
conference-iasted,suffixdeunimadwsoamatchingmatcherstructurallevelSimilarityFloodingMatcher,0.0,0.0,0.0
conference-iasted,level2_jaro,0.042105263157894736,0.2857142857142857,0.07339449541284403
conference-iasted,wuPalmerdeunimadwsoamatchingmatcherstructurallevelGraphBasedUsedPropertyMatcher,0.18518518518518517,0.35714285714285715,0.24390243902439024
conference-iasted,smoaDistance,0.0875,0.5,0.14893617021276595
conference-iasted,level2_monge_elkandeunimadwsoamatchingmatcherstructurallevelSimilarityFloodingMatcher,0.0,0.0,0.0
conference-iasted,jiangConrath,0.5714285714285714,0.2857142857142857,0.38095238095238093
conference-iasted,needlemanWunsch2Distance,0.4,0.2857142857142857,0.3333333333333333
conference-iasted,umbcSim,0.4,0.2857142857142857,0.3333333333333333
conference-iasted,soft_tfidf_jaro,0.4,0.42857142857142855,0.4137931034482759
conference-iasted,suffixdeunimadwsoamatchingmatcherstructurallevelGraphBasedUsedPropertyMatcher,0.35294117647058826,0.42857142857142855,0.3870967741935484
conference-iasted,word2VecStemmeddeunimadwsoamatchingmatcherstructurallevelGraphBasedUsedPropertyMatcher,0.5,0.14285714285714285,0.22222222222222224
conference-iasted,word2VecdeunimadwsoamatchingmatcherstructurallevelGraphBasedUsedPropertyMatcher,0.5714285714285714,0.2857142857142857,0.38095238095238093
conference-iasted,mongeElkan,0.10294117647058823,0.5,0.17073170731707318
conference-iasted,simple_tfidf,0.7142857142857143,0.35714285714285715,0.4761904761904762
conference-iasted,jaro_winkler_tfidf,0.5,0.42857142857142855,0.4615384615384615
conference-iasted,levenshteinDistance,0.4,0.2857142857142857,0.3333333333333333
conference-iasted,hammingDistance,0.4,0.2857142857142857,0.3333333333333333
conference-iasted,equalDistancedeunimadwsoamatchingmatcherstructurallevelSimilarityFloodingMatcher,0.0,0.0,0.0
conference-iasted,equalDistance,0.6666666666666666,0.2857142857142857,0.4
conference-iasted,subStringDistance,0.3076923076923077,0.2857142857142857,0.29629629629629634
conference-iasted,ngramDistancedeunimadwsoamatchingmatcherstructurallevelSimilarityFloodingMatcher,0.0,0.0,0.0
conference-iasted,jaroWinklerMeasuredeunimadwsoamatchingmatcherstructurallevelSimilarityFloodingMatcher,0.0,0.0,0.0
conference-iasted,jaroMeasure,0.06097560975609756,0.35714285714285715,0.10416666666666667
conference-iasted,best_base_matcher,0.7142857142857143,0.35714285714285715,0.4761904761904762
conference-sigkdd,core_platform,0.9,0.6,0.7200000000000001
conference-sigkdd,majority_vote,0.8888888888888888,0.5333333333333333,0.6666666666666667
conference-sigkdd,ngramDistance,0.6153846153846154,0.5333333333333333,0.5714285714285715
conference-sigkdd,wuPalmer,0.4375,0.4666666666666667,0.45161290322580644
conference-sigkdd,wuPalmerdeunimadwsoamatchingmatcherstructurallevelSimilarityFloodingMatcher,0.0,0.0,0.0
conference-sigkdd,path,0.75,0.4,0.5217391304347827
conference-sigkdd,lin,0.75,0.4,0.5217391304347827
conference-sigkdd,level2_jara_winklerdeunimadwsoamatchingmatcherstructurallevelGraphBasedUsedPropertyMatcher,0.13793103448275862,0.5333333333333333,0.21917808219178084
conference-sigkdd,jaroWinklerMeasuredeunimadwsoamatchingmatcherstructurallevelGraphBasedUsedPropertyMatcher,0.19230769230769232,0.6666666666666666,0.29850746268656714
conference-sigkdd,jaroWinklerMeasure,0.19230769230769232,0.6666666666666666,0.29850746268656714
conference-sigkdd,word2Vec,0.6666666666666666,0.4,0.5
conference-sigkdd,level2_jara_winkler,0.13793103448275862,0.5333333333333333,0.21917808219178084
conference-sigkdd,prefix,0.3103448275862069,0.6,0.4090909090909091
conference-sigkdd,level2_jara_winklerdeunimadwsoamatchingmatcherstructurallevelSimilarityFloodingMatcher,0.0,0.0,0.0
conference-sigkdd,ngramDistancedeunimadwsoamatchingmatcherstructurallevelGraphBasedUsedPropertyMatcher,0.6153846153846154,0.5333333333333333,0.5714285714285715
conference-sigkdd,word2VecStemmed,0.8333333333333334,0.3333333333333333,0.47619047619047616
conference-sigkdd,jaccard,0.8888888888888888,0.5333333333333333,0.6666666666666667
conference-sigkdd,level2_monge_elkan,0.15517241379310345,0.6,0.24657534246575347
conference-sigkdd,suffix,0.3055555555555556,0.7333333333333333,0.43137254901960786
conference-sigkdd,esaSim,0.6,0.4,0.48
conference-sigkdd,level2_jaro,0.1568627450980392,0.5333333333333333,0.2424242424242424
conference-sigkdd,wuPalmerdeunimadwsoamatchingmatcherstructurallevelGraphBasedUsedPropertyMatcher,0.4375,0.4666666666666667,0.45161290322580644
conference-sigkdd,smoaDistance,0.25,0.8666666666666667,0.3880597014925373
conference-sigkdd,jiangConrath,0.7142857142857143,0.3333333333333333,0.4545454545454545
conference-sigkdd,needlemanWunsch2Distance,0.8,0.5333333333333333,0.64
conference-sigkdd,umbcSim,0.6,0.4,0.48
conference-sigkdd,soft_tfidf_jaro,0.5882352941176471,0.6666666666666666,0.625
conference-sigkdd,mongeElkan,0.15217391304347827,0.9333333333333333,0.2616822429906542
conference-sigkdd,simple_tfidf,0.75,0.6,0.6666666666666665
conference-sigkdd,jaro_winkler_tfidf,0.5882352941176471,0.6666666666666666,0.625
conference-sigkdd,levenshteinDistance,0.7272727272727273,0.5333333333333333,0.6153846153846153
conference-sigkdd,hammingDistance,0.8,0.5333333333333333,0.64
conference-sigkdd,equalDistance,0.8888888888888888,0.5333333333333333,0.6666666666666667
conference-sigkdd,subStringDistance,0.47058823529411764,0.5333333333333333,0.5
conference-sigkdd,ngramDistancedeunimadwsoamatchingmatcherstructurallevelSimilarityFloodingMatcher,0.0,0.0,0.0
conference-sigkdd,jaroWinklerMeasuredeunimadwsoamatchingmatcherstructurallevelSimilarityFloodingMatcher,0.0,0.0,0.0
conference-sigkdd,jaroMeasure,0.29411764705882354,0.6666666666666666,0.40816326530612246
conference-sigkdd,best_base_matcher,0.8888888888888888,0.5333333333333333,0.6666666666666667
confOf-edas,core_platform,0.5882352941176471,0.5263157894736842,0.5555555555555555
confOf-edas,majority_vote,0.5882352941176471,0.5263157894736842,0.5555555555555555
confOf-edas,ngramDistance,0.5882352941176471,0.5263157894736842,0.5555555555555555
confOf-edas,wuPalmer,0.16666666666666666,0.5263157894736842,0.25316455696202533
confOf-edas,wuPalmerdeunimadwsoamatchingmatcherstructurallevelSimilarityFloodingMatcher,0.0,0.0,0.0
confOf-edas,path,0.5333333333333333,0.42105263157894735,0.47058823529411764
confOf-edas,lin,0.42105263157894735,0.42105263157894735,0.42105263157894735
confOf-edas,level2_jara_winklerdeunimadwsoamatchingmatcherstructurallevelGraphBasedUsedPropertyMatcher,0.08333333333333333,0.7368421052631579,0.1497326203208556
confOf-edas,jaroWinklerMeasuredeunimadwsoamatchingmatcherstructurallevelGraphBasedUsedPropertyMatcher,0.16666666666666666,0.631578947368421,0.26373626373626374
confOf-edas,jaroWinklerMeasure,0.16666666666666666,0.631578947368421,0.26373626373626374
confOf-edas,word2Vec,0.5294117647058824,0.47368421052631576,0.5
confOf-edas,level2_jara_winkler,0.08333333333333333,0.7368421052631579,0.1497326203208556
confOf-edas,prefix,0.3448275862068966,0.5263157894736842,0.4166666666666667
confOf-edas,level2_jara_winklerdeunimadwsoamatchingmatcherstructurallevelSimilarityFloodingMatcher,0.0,0.0,0.0
confOf-edas,ngramDistancedeunimadwsoamatchingmatcherstructurallevelGraphBasedUsedPropertyMatcher,0.5882352941176471,0.5263157894736842,0.5555555555555555
confOf-edas,word2VecStemmed,0.5833333333333334,0.3684210526315789,0.4516129032258065
confOf-edas,jaccard,0.5882352941176471,0.5263157894736842,0.5555555555555555
confOf-edas,level2_monge_elkan,0.10135135135135136,0.7894736842105263,0.17964071856287425
confOf-edas,suffix,0.16923076923076924,0.5789473684210527,0.2619047619047619
confOf-edas,esaSim,0.5555555555555556,0.5263157894736842,0.5405405405405405
confOf-edas,level2_jaro,0.1111111111111111,0.7368421052631579,0.1931034482758621
confOf-edas,wuPalmerdeunimadwsoamatchingmatcherstructurallevelGraphBasedUsedPropertyMatcher,0.16666666666666666,0.5263157894736842,0.25316455696202533
confOf-edas,smoaDistance,0.24074074074074073,0.6842105263157895,0.3561643835616438
confOf-edas,jiangConrath,0.5333333333333333,0.42105263157894735,0.47058823529411764
confOf-edas,needlemanWunsch2Distance,0.5882352941176471,0.5263157894736842,0.5555555555555555
confOf-edas,umbcSim,0.45,0.47368421052631576,0.46153846153846156
confOf-edas,soft_tfidf_jaro,0.5454545454545454,0.631578947368421,0.5853658536585366
confOf-edas,mongeElkan,0.14285714285714285,0.6842105263157895,0.23636363636363633
confOf-edas,simple_tfidf,0.5238095238095238,0.5789473684210527,0.5500000000000002
confOf-edas,jaro_winkler_tfidf,0.5238095238095238,0.5789473684210527,0.5500000000000002
confOf-edas,levenshteinDistance,0.6111111111111112,0.5789473684210527,0.5945945945945946
confOf-edas,hammingDistance,0.5625,0.47368421052631576,0.5142857142857142
confOf-edas,equalDistance,0.5625,0.47368421052631576,0.5142857142857142
confOf-edas,subStringDistance,0.5,0.5263157894736842,0.5128205128205129
confOf-edas,ngramDistancedeunimadwsoamatchingmatcherstructurallevelSimilarityFloodingMatcher,0.0,0.0,0.0
confOf-edas,jaroWinklerMeasuredeunimadwsoamatchingmatcherstructurallevelSimilarityFloodingMatcher,0.0,0.0,0.0
confOf-edas,jaroMeasure,0.3870967741935484,0.631578947368421,0.48000000000000004
confOf-edas,best_base_matcher,0.6111111111111112,0.5789473684210527,0.5945945945945946
confOf-ekaw,core_platform,0.8,0.4,0.5333333333333333
confOf-ekaw,majority_vote,0.8,0.4,0.5333333333333333
confOf-ekaw,ngramDistance,0.8,0.4,0.5333333333333333
confOf-ekaw,wuPalmer,0.2631578947368421,0.5,0.3448275862068966
confOf-ekaw,wuPalmerdeunimadwsoamatchingmatcherstructurallevelSimilarityFloodingMatcher,0.0,0.0,0.0
confOf-ekaw,path,0.7777777777777778,0.35,0.48275862068965514
confOf-ekaw,lin,0.7,0.35,0.4666666666666667
confOf-ekaw,level2_jara_winklerdeunimadwsoamatchingmatcherstructurallevelGraphBasedUsedPropertyMatcher,0.19540229885057472,0.85,0.31775700934579443
confOf-ekaw,jaroWinklerMeasuredeunimadwsoamatchingmatcherstructurallevelGraphBasedUsedPropertyMatcher,0.2564102564102564,0.5,0.3389830508474576
confOf-ekaw,jaroWinklerMeasure,0.2564102564102564,0.5,0.3389830508474576
confOf-ekaw,word2Vec,0.6363636363636364,0.35,0.45161290322580644
confOf-ekaw,level2_jara_winkler,0.19540229885057472,0.85,0.31775700934579443
confOf-ekaw,prefix,0.3103448275862069,0.45,0.3673469387755102
confOf-ekaw,level2_jara_winklerdeunimadwsoamatchingmatcherstructurallevelSimilarityFloodingMatcher,0.0,0.0,0.0
confOf-ekaw,ngramDistancedeunimadwsoamatchingmatcherstructurallevelGraphBasedUsedPropertyMatcher,0.8,0.4,0.5333333333333333
confOf-ekaw,word2VecStemmed,0.5714285714285714,0.2,0.29629629629629634
confOf-ekaw,jaccard,0.8333333333333334,0.5,0.625
confOf-ekaw,level2_monge_elkan,0.20481927710843373,0.85,0.33009708737864074
confOf-ekaw,suffix,0.28888888888888886,0.65,0.39999999999999997
confOf-ekaw,esaSim,0.6363636363636364,0.35,0.45161290322580644
confOf-ekaw,level2_jaro,0.21518987341772153,0.85,0.3434343434343435
confOf-ekaw,wuPalmerdeunimadwsoamatchingmatcherstructurallevelGraphBasedUsedPropertyMatcher,0.2631578947368421,0.5,0.3448275862068966
confOf-ekaw,smoaDistance,0.2641509433962264,0.7,0.3835616438356165
confOf-ekaw,jiangConrath,0.7777777777777778,0.35,0.48275862068965514
confOf-ekaw,needlemanWunsch2Distance,0.8181818181818182,0.45,0.5806451612903226
confOf-ekaw,umbcSim,0.6153846153846154,0.4,0.4848484848484849
confOf-ekaw,soft_tfidf_jaro,0.5769230769230769,0.75,0.6521739130434783
confOf-ekaw,mongeElkan,0.2112676056338028,0.75,0.3296703296703297
confOf-ekaw,simple_tfidf,0.56,0.7,0.6222222222222222
confOf-ekaw,jaro_winkler_tfidf,0.5769230769230769,0.75,0.6521739130434783
confOf-ekaw,levenshteinDistance,0.8181818181818182,0.45,0.5806451612903226
confOf-ekaw,hammingDistance,0.8181818181818182,0.45,0.5806451612903226
confOf-ekaw,equalDistance,0.8,0.4,0.5333333333333333
confOf-ekaw,subStringDistance,0.5714285714285714,0.4,0.47058823529411764
confOf-ekaw,ngramDistancedeunimadwsoamatchingmatcherstructurallevelSimilarityFloodingMatcher,0.0,0.0,0.0
confOf-ekaw,jaroWinklerMeasuredeunimadwsoamatchingmatcherstructurallevelSimilarityFloodingMatcher,0.0,0.0,0.0
confOf-ekaw,jaroMeasure,0.3225806451612903,0.5,0.39215686274509803
confOf-ekaw,best_base_matcher,0.5769230769230769,0.75,0.6521739130434783
confOf-iasted,core_platform,0.46153846153846156,0.6666666666666666,0.5454545454545455
confOf-iasted,majority_vote,1.0,0.4444444444444444,0.6153846153846153
confOf-iasted,ngramDistance,0.8,0.4444444444444444,0.5714285714285714
confOf-iasted,level2_monge_elkandeunimadwsoamatchingmatcherstructurallevelGraphBasedUsedPropertyMatcher,0.04411764705882353,0.6666666666666666,0.08275862068965519
confOf-iasted,wuPalmer,0.12195121951219512,0.5555555555555556,0.2
confOf-iasted,wuPalmerdeunimadwsoamatchingmatcherstructurallevelSimilarityFloodingMatcher,0.0,0.0,0.0
confOf-iasted,path,1.0,0.4444444444444444,0.6153846153846153
confOf-iasted,lin,0.6666666666666666,0.4444444444444444,0.5333333333333333
confOf-iasted,level2_jara_winklerdeunimadwsoamatchingmatcherstructurallevelGraphBasedUsedPropertyMatcher,0.09375,0.6666666666666666,0.16438356164383564
confOf-iasted,jaroWinklerMeasuredeunimadwsoamatchingmatcherstructurallevelGraphBasedUsedPropertyMatcher,0.09090909090909091,0.4444444444444444,0.1509433962264151
confOf-iasted,word2VecdeunimadwsoamatchingmatcherstructurallevelSimilarityFloodingMatcher,0.0,0.0,0.0
confOf-iasted,jaroWinklerMeasure,0.09090909090909091,0.4444444444444444,0.1509433962264151
confOf-iasted,word2Vec,1.0,0.5555555555555556,0.7142857142857143
confOf-iasted,level2_jara_winkler,0.09375,0.6666666666666666,0.16438356164383564
confOf-iasted,prefix,0.125,0.4444444444444444,0.1951219512195122
confOf-iasted,level2_jara_winklerdeunimadwsoamatchingmatcherstructurallevelSimilarityFloodingMatcher,0.0,0.0,0.0
confOf-iasted,ngramDistancedeunimadwsoamatchingmatcherstructurallevelGraphBasedUsedPropertyMatcher,0.8,0.4444444444444444,0.5714285714285714
confOf-iasted,word2VecStemmed,1.0,0.3333333333333333,0.5
confOf-iasted,jaccard,1.0,0.4444444444444444,0.6153846153846153
confOf-iasted,level2_monge_elkan,0.04411764705882353,0.6666666666666666,0.08275862068965519
confOf-iasted,suffix,0.35294117647058826,0.6666666666666666,0.46153846153846156
confOf-iasted,word2VecStemmeddeunimadwsoamatchingmatcherstructurallevelSimilarityFloodingMatcher,0.0,0.0,0.0
confOf-iasted,esaSim,0.8,0.4444444444444444,0.5714285714285714
confOf-iasted,suffixdeunimadwsoamatchingmatcherstructurallevelSimilarityFloodingMatcher,0.0,0.0,0.0
confOf-iasted,level2_jaro,0.1111111111111111,0.6666666666666666,0.1904761904761905
confOf-iasted,wuPalmerdeunimadwsoamatchingmatcherstructurallevelGraphBasedUsedPropertyMatcher,0.12195121951219512,0.5555555555555556,0.2
confOf-iasted,smoaDistance,0.15789473684210525,0.6666666666666666,0.25531914893617025
confOf-iasted,level2_monge_elkandeunimadwsoamatchingmatcherstructurallevelSimilarityFloodingMatcher,0.0,0.0,0.0
confOf-iasted,jiangConrath,1.0,0.5555555555555556,0.7142857142857143
confOf-iasted,needlemanWunsch2Distance,1.0,0.4444444444444444,0.6153846153846153
confOf-iasted,umbcSim,0.5454545454545454,0.6666666666666666,0.6
confOf-iasted,soft_tfidf_jaro,0.36363636363636365,0.4444444444444444,0.39999999999999997
confOf-iasted,suffixdeunimadwsoamatchingmatcherstructurallevelGraphBasedUsedPropertyMatcher,0.35294117647058826,0.6666666666666666,0.46153846153846156
confOf-iasted,word2VecStemmeddeunimadwsoamatchingmatcherstructurallevelGraphBasedUsedPropertyMatcher,1.0,0.3333333333333333,0.5
confOf-iasted,word2VecdeunimadwsoamatchingmatcherstructurallevelGraphBasedUsedPropertyMatcher,1.0,0.5555555555555556,0.7142857142857143
confOf-iasted,mongeElkan,0.08955223880597014,0.6666666666666666,0.15789473684210525
confOf-iasted,simple_tfidf,0.6666666666666666,0.4444444444444444,0.5333333333333333
confOf-iasted,jaro_winkler_tfidf,0.5,0.4444444444444444,0.47058823529411764
confOf-iasted,levenshteinDistance,0.8,0.4444444444444444,0.5714285714285714
confOf-iasted,hammingDistance,0.8,0.4444444444444444,0.5714285714285714
confOf-iasted,equalDistance,1.0,0.4444444444444444,0.6153846153846153
confOf-iasted,subStringDistance,0.5,0.4444444444444444,0.47058823529411764
confOf-iasted,ngramDistancedeunimadwsoamatchingmatcherstructurallevelSimilarityFloodingMatcher,0.0,0.0,0.0
confOf-iasted,jaroWinklerMeasuredeunimadwsoamatchingmatcherstructurallevelSimilarityFloodingMatcher,0.0,0.0,0.0
confOf-iasted,jaroMeasure,0.16666666666666666,0.4444444444444444,0.24242424242424243
confOf-iasted,best_base_matcher,1.0,0.5555555555555556,0.7142857142857143
confOf-sigkdd,core_platform,0.8333333333333334,0.7142857142857143,0.7692307692307692
confOf-sigkdd,majority_vote,1.0,0.5714285714285714,0.7272727272727273
confOf-sigkdd,ngramDistance,1.0,0.5714285714285714,0.7272727272727273
confOf-sigkdd,wuPalmer,0.14285714285714285,0.7142857142857143,0.23809523809523808
confOf-sigkdd,wuPalmerdeunimadwsoamatchingmatcherstructurallevelSimilarityFloodingMatcher,0.0,0.0,0.0
confOf-sigkdd,path,1.0,0.7142857142857143,0.8333333333333333
confOf-sigkdd,lin,0.7142857142857143,0.7142857142857143,0.7142857142857143
confOf-sigkdd,level2_jara_winklerdeunimadwsoamatchingmatcherstructurallevelGraphBasedUsedPropertyMatcher,0.1,0.5714285714285714,0.1702127659574468
confOf-sigkdd,jaroWinklerMeasuredeunimadwsoamatchingmatcherstructurallevelGraphBasedUsedPropertyMatcher,0.25,0.5714285714285714,0.34782608695652173
confOf-sigkdd,jaroWinklerMeasure,0.25,0.5714285714285714,0.34782608695652173
confOf-sigkdd,word2Vec,1.0,0.7142857142857143,0.8333333333333333
confOf-sigkdd,level2_jara_winkler,0.1,0.5714285714285714,0.1702127659574468
confOf-sigkdd,prefix,0.36363636363636365,0.5714285714285714,0.4444444444444444
confOf-sigkdd,level2_jara_winklerdeunimadwsoamatchingmatcherstructurallevelSimilarityFloodingMatcher,0.0,0.0,0.0
confOf-sigkdd,ngramDistancedeunimadwsoamatchingmatcherstructurallevelGraphBasedUsedPropertyMatcher,1.0,0.5714285714285714,0.7272727272727273
confOf-sigkdd,word2VecStemmed,1.0,0.5714285714285714,0.7272727272727273
confOf-sigkdd,jaccard,1.0,0.5714285714285714,0.7272727272727273
confOf-sigkdd,level2_monge_elkan,0.09433962264150944,0.7142857142857143,0.16666666666666669
confOf-sigkdd,suffix,0.2631578947368421,0.7142857142857143,0.3846153846153846
confOf-sigkdd,esaSim,1.0,0.7142857142857143,0.8333333333333333
confOf-sigkdd,level2_jaro,0.10256410256410256,0.5714285714285714,0.17391304347826086
confOf-sigkdd,wuPalmerdeunimadwsoamatchingmatcherstructurallevelGraphBasedUsedPropertyMatcher,0.14285714285714285,0.7142857142857143,0.23809523809523808
confOf-sigkdd,smoaDistance,0.35714285714285715,0.7142857142857143,0.4761904761904762
confOf-sigkdd,jiangConrath,1.0,0.5714285714285714,0.7272727272727273
confOf-sigkdd,needlemanWunsch2Distance,1.0,0.5714285714285714,0.7272727272727273
confOf-sigkdd,umbcSim,0.7142857142857143,0.7142857142857143,0.7142857142857143
confOf-sigkdd,soft_tfidf_jaro,0.8,0.5714285714285714,0.6666666666666666
confOf-sigkdd,mongeElkan,0.1388888888888889,0.7142857142857143,0.23255813953488372
confOf-sigkdd,simple_tfidf,1.0,0.5714285714285714,0.7272727272727273
confOf-sigkdd,jaro_winkler_tfidf,0.8,0.5714285714285714,0.6666666666666666
confOf-sigkdd,levenshteinDistance,0.8,0.5714285714285714,0.6666666666666666
confOf-sigkdd,hammingDistance,1.0,0.5714285714285714,0.7272727272727273
confOf-sigkdd,equalDistance,1.0,0.5714285714285714,0.7272727272727273
confOf-sigkdd,subStringDistance,0.8,0.5714285714285714,0.6666666666666666
confOf-sigkdd,ngramDistancedeunimadwsoamatchingmatcherstructurallevelSimilarityFloodingMatcher,0.0,0.0,0.0
confOf-sigkdd,jaroWinklerMeasuredeunimadwsoamatchingmatcherstructurallevelSimilarityFloodingMatcher,0.0,0.0,0.0
confOf-sigkdd,jaroMeasure,0.6666666666666666,0.5714285714285714,0.6153846153846153
confOf-sigkdd,best_base_matcher,1.0,0.7142857142857143,0.8333333333333333
edas-ekaw,core_platform,0.6666666666666666,0.2608695652173913,0.37500000000000006
edas-ekaw,majority_vote,0.75,0.2608695652173913,0.3870967741935483
edas-ekaw,ngramDistance,0.5454545454545454,0.2608695652173913,0.3529411764705882
edas-ekaw,wuPalmer,0.2916666666666667,0.30434782608695654,0.2978723404255319
edas-ekaw,wuPalmerdeunimadwsoamatchingmatcherstructurallevelSimilarityFloodingMatcher,0.0,0.0,0.0
edas-ekaw,path,0.6,0.2608695652173913,0.36363636363636365
edas-ekaw,lin,0.5,0.2608695652173913,0.3428571428571428
edas-ekaw,level2_jara_winklerdeunimadwsoamatchingmatcherstructurallevelGraphBasedUsedPropertyMatcher,0.12745098039215685,0.5652173913043478,0.20799999999999996
edas-ekaw,jaroWinklerMeasuredeunimadwsoamatchingmatcherstructurallevelGraphBasedUsedPropertyMatcher,0.14285714285714285,0.6086956521739131,0.23140495867768596
edas-ekaw,jaroWinklerMeasure,0.14285714285714285,0.6086956521739131,0.23140495867768596
edas-ekaw,word2Vec,0.375,0.2608695652173913,0.30769230769230765
edas-ekaw,level2_jara_winkler,0.12745098039215685,0.5652173913043478,0.20799999999999996
edas-ekaw,prefix,0.19444444444444445,0.30434782608695654,0.23728813559322037
edas-ekaw,level2_jara_winklerdeunimadwsoamatchingmatcherstructurallevelSimilarityFloodingMatcher,0.0,0.0,0.0
edas-ekaw,ngramDistancedeunimadwsoamatchingmatcherstructurallevelGraphBasedUsedPropertyMatcher,0.5454545454545454,0.2608695652173913,0.3529411764705882
edas-ekaw,equalDistancedeunimadwsoamatchingmatcherstructurallevelGraphBasedUsedPropertyMatcher,0.7142857142857143,0.21739130434782608,0.3333333333333333
edas-ekaw,word2VecStemmed,0.6,0.2608695652173913,0.36363636363636365
edas-ekaw,jaccard,0.75,0.391304347826087,0.5142857142857143
edas-ekaw,level2_monge_elkan,0.13861386138613863,0.6086956521739131,0.22580645161290322
edas-ekaw,suffix,0.2,0.391304347826087,0.2647058823529412
edas-ekaw,esaSim,0.4375,0.30434782608695654,0.358974358974359
edas-ekaw,level2_jaro,0.16049382716049382,0.5652173913043478,0.25
edas-ekaw,wuPalmerdeunimadwsoamatchingmatcherstructurallevelGraphBasedUsedPropertyMatcher,0.2916666666666667,0.30434782608695654,0.2978723404255319
edas-ekaw,smoaDistance,0.16049382716049382,0.5652173913043478,0.25
edas-ekaw,jiangConrath,0.6,0.2608695652173913,0.36363636363636365
edas-ekaw,needlemanWunsch2Distance,0.7692307692307693,0.43478260869565216,0.5555555555555555
edas-ekaw,umbcSim,0.4444444444444444,0.34782608695652173,0.3902439024390244
edas-ekaw,soft_tfidf_jaro,0.39285714285714285,0.4782608695652174,0.4313725490196078
edas-ekaw,mongeElkan,0.10679611650485436,0.4782608695652174,0.1746031746031746
edas-ekaw,simple_tfidf,0.4166666666666667,0.43478260869565216,0.425531914893617
edas-ekaw,jaro_winkler_tfidf,0.4074074074074074,0.4782608695652174,0.44000000000000006
edas-ekaw,levenshteinDistance,0.7333333333333333,0.4782608695652174,0.5789473684210527
edas-ekaw,hammingDistance,0.75,0.2608695652173913,0.3870967741935483
edas-ekaw,equalDistancedeunimadwsoamatchingmatcherstructurallevelSimilarityFloodingMatcher,0.0,0.0,0.0
edas-ekaw,equalDistance,0.7142857142857143,0.21739130434782608,0.3333333333333333
edas-ekaw,subStringDistance,0.46153846153846156,0.2608695652173913,0.33333333333333337
edas-ekaw,ngramDistancedeunimadwsoamatchingmatcherstructurallevelSimilarityFloodingMatcher,0.0,0.0,0.0
edas-ekaw,jaroWinklerMeasuredeunimadwsoamatchingmatcherstructurallevelSimilarityFloodingMatcher,0.0,0.0,0.0
edas-ekaw,jaroMeasure,0.22033898305084745,0.5652173913043478,0.3170731707317073
edas-ekaw,best_base_matcher,0.7333333333333333,0.4782608695652174,0.5789473684210527
edas-iasted,core_platform,0.5714285714285714,0.42105263157894735,0.48484848484848486
edas-iasted,majority_vote,0.8333333333333334,0.2631578947368421,0.39999999999999997
edas-iasted,ngramDistance,0.5,0.2631578947368421,0.3448275862068966
edas-iasted,level2_monge_elkandeunimadwsoamatchingmatcherstructurallevelGraphBasedUsedPropertyMatcher,0.04864864864864865,0.47368421052631576,0.08823529411764706
edas-iasted,wuPalmer,0.15625,0.2631578947368421,0.19607843137254902
edas-iasted,wuPalmerdeunimadwsoamatchingmatcherstructurallevelSimilarityFloodingMatcher,0.0,0.0,0.0
edas-iasted,path,0.8333333333333334,0.2631578947368421,0.39999999999999997
edas-iasted,lin,0.5555555555555556,0.2631578947368421,0.35714285714285715
edas-iasted,level2_jara_winklerdeunimadwsoamatchingmatcherstructurallevelGraphBasedUsedPropertyMatcher,0.07964601769911504,0.47368421052631576,0.13636363636363638
edas-iasted,mongeElkandeunimadwsoamatchingmatcherstructurallevelGraphBasedUsedPropertyMatcher,0.04827586206896552,0.3684210526315789,0.08536585365853658
edas-iasted,jaroWinklerMeasuredeunimadwsoamatchingmatcherstructurallevelGraphBasedUsedPropertyMatcher,0.09016393442622951,0.5789473684210527,0.15602836879432624
edas-iasted,word2VecdeunimadwsoamatchingmatcherstructurallevelSimilarityFloodingMatcher,0.0,0.0,0.0
edas-iasted,jaroWinklerMeasure,0.09016393442622951,0.5789473684210527,0.15602836879432624
edas-iasted,word2Vec,0.625,0.2631578947368421,0.37037037037037035
edas-iasted,level2_jara_winkler,0.07964601769911504,0.47368421052631576,0.13636363636363638
edas-iasted,prefix,0.1111111111111111,0.2631578947368421,0.15625
edas-iasted,level2_jara_winklerdeunimadwsoamatchingmatcherstructurallevelSimilarityFloodingMatcher,0.0,0.0,0.0
edas-iasted,ngramDistancedeunimadwsoamatchingmatcherstructurallevelGraphBasedUsedPropertyMatcher,0.5,0.2631578947368421,0.3448275862068966
edas-iasted,equalDistancedeunimadwsoamatchingmatcherstructurallevelGraphBasedUsedPropertyMatcher,0.8333333333333334,0.2631578947368421,0.39999999999999997
edas-iasted,word2VecStemmed,0.8,0.21052631578947367,0.3333333333333333
edas-iasted,jaccard,0.875,0.3684210526315789,0.5185185185185185
edas-iasted,level2_monge_elkan,0.04864864864864865,0.47368421052631576,0.08823529411764706
edas-iasted,suffix,0.3157894736842105,0.3157894736842105,0.3157894736842105
edas-iasted,word2VecStemmeddeunimadwsoamatchingmatcherstructurallevelSimilarityFloodingMatcher,0.0,0.0,0.0
edas-iasted,esaSim,0.5555555555555556,0.2631578947368421,0.35714285714285715
edas-iasted,suffixdeunimadwsoamatchingmatcherstructurallevelSimilarityFloodingMatcher,0.0,0.0,0.0
edas-iasted,level2_jaro,0.09,0.47368421052631576,0.15126050420168066
edas-iasted,wuPalmerdeunimadwsoamatchingmatcherstructurallevelGraphBasedUsedPropertyMatcher,0.15625,0.2631578947368421,0.19607843137254902
edas-iasted,smoaDistance,0.09782608695652174,0.47368421052631576,0.16216216216216214
edas-iasted,level2_monge_elkandeunimadwsoamatchingmatcherstructurallevelSimilarityFloodingMatcher,0.0,0.0,0.0
edas-iasted,jiangConrath,0.8333333333333334,0.2631578947368421,0.39999999999999997
edas-iasted,needlemanWunsch2Distance,0.8,0.42105263157894735,0.5517241379310345
edas-iasted,umbcSim,0.46153846153846156,0.3157894736842105,0.37499999999999994
edas-iasted,soft_tfidf_jaro,0.36363636363636365,0.42105263157894735,0.3902439024390244
edas-iasted,suffixdeunimadwsoamatchingmatcherstructurallevelGraphBasedUsedPropertyMatcher,0.3157894736842105,0.3157894736842105,0.3157894736842105
edas-iasted,mongeElkandeunimadwsoamatchingmatcherstructurallevelSimilarityFloodingMatcher,0.0,0.0,0.0
edas-iasted,word2VecStemmeddeunimadwsoamatchingmatcherstructurallevelGraphBasedUsedPropertyMatcher,0.8,0.21052631578947367,0.3333333333333333
edas-iasted,word2VecdeunimadwsoamatchingmatcherstructurallevelGraphBasedUsedPropertyMatcher,0.625,0.2631578947368421,0.37037037037037035
edas-iasted,mongeElkan,0.04827586206896552,0.3684210526315789,0.08536585365853658
edas-iasted,simple_tfidf,0.5384615384615384,0.3684210526315789,0.4375
edas-iasted,jaro_winkler_tfidf,0.42105263157894735,0.42105263157894735,0.42105263157894735
edas-iasted,levenshteinDistance,0.8,0.42105263157894735,0.5517241379310345
edas-iasted,hammingDistance,0.75,0.3157894736842105,0.44444444444444436
edas-iasted,equalDistancedeunimadwsoamatchingmatcherstructurallevelSimilarityFloodingMatcher,0.0,0.0,0.0
edas-iasted,equalDistance,0.8333333333333334,0.2631578947368421,0.39999999999999997
edas-iasted,subStringDistance,0.4166666666666667,0.2631578947368421,0.3225806451612903
edas-iasted,ngramDistancedeunimadwsoamatchingmatcherstructurallevelSimilarityFloodingMatcher,0.0,0.0,0.0
edas-iasted,jaroWinklerMeasuredeunimadwsoamatchingmatcherstructurallevelSimilarityFloodingMatcher,0.0,0.0,0.0
edas-iasted,jaroMeasure,0.14814814814814814,0.42105263157894735,0.2191780821917808
edas-iasted,best_base_matcher,0.8,0.42105263157894735,0.5517241379310345
edas-sigkdd,core_platform,0.6363636363636364,0.4666666666666667,0.5384615384615385
edas-sigkdd,majority_vote,1.0,0.4666666666666667,0.6363636363636364
edas-sigkdd,ngramDistance,0.875,0.4666666666666667,0.608695652173913
edas-sigkdd,wuPalmer,0.2916666666666667,0.4666666666666667,0.35897435897435903
edas-sigkdd,wuPalmerdeunimadwsoamatchingmatcherstructurallevelSimilarityFloodingMatcher,0.0,0.0,0.0
edas-sigkdd,path,0.7777777777777778,0.4666666666666667,0.5833333333333334
edas-sigkdd,lin,0.7,0.4666666666666667,0.56
edas-sigkdd,level2_jara_winklerdeunimadwsoamatchingmatcherstructurallevelGraphBasedUsedPropertyMatcher,0.14285714285714285,0.4666666666666667,0.21874999999999997
edas-sigkdd,jaroWinklerMeasuredeunimadwsoamatchingmatcherstructurallevelGraphBasedUsedPropertyMatcher,0.21052631578947367,0.5333333333333333,0.3018867924528302
edas-sigkdd,jaroWinklerMeasure,0.21052631578947367,0.5333333333333333,0.3018867924528302
edas-sigkdd,word2Vec,0.7,0.4666666666666667,0.56
edas-sigkdd,level2_jara_winkler,0.14285714285714285,0.4666666666666667,0.21874999999999997
edas-sigkdd,prefix,0.28,0.4666666666666667,0.35000000000000003
edas-sigkdd,level2_jara_winklerdeunimadwsoamatchingmatcherstructurallevelSimilarityFloodingMatcher,0.0,0.0,0.0
edas-sigkdd,ngramDistancedeunimadwsoamatchingmatcherstructurallevelGraphBasedUsedPropertyMatcher,0.875,0.4666666666666667,0.608695652173913
edas-sigkdd,word2VecStemmed,0.75,0.4,0.5217391304347827
edas-sigkdd,jaccard,1.0,0.4666666666666667,0.6363636363636364
edas-sigkdd,level2_monge_elkan,0.18421052631578946,0.4666666666666667,0.26415094339622636
edas-sigkdd,suffix,0.25925925925925924,0.4666666666666667,0.33333333333333337
edas-sigkdd,esaSim,0.7777777777777778,0.4666666666666667,0.5833333333333334
edas-sigkdd,level2_jaro,0.175,0.4666666666666667,0.2545454545454546
edas-sigkdd,wuPalmerdeunimadwsoamatchingmatcherstructurallevelGraphBasedUsedPropertyMatcher,0.2916666666666667,0.4666666666666667,0.35897435897435903
edas-sigkdd,smoaDistance,0.16666666666666666,0.4666666666666667,0.2456140350877193
edas-sigkdd,jiangConrath,0.875,0.4666666666666667,0.608695652173913
edas-sigkdd,needlemanWunsch2Distance,0.875,0.4666666666666667,0.608695652173913
edas-sigkdd,umbcSim,0.7,0.4666666666666667,0.56
edas-sigkdd,soft_tfidf_jaro,0.7,0.4666666666666667,0.56
edas-sigkdd,mongeElkan,0.10144927536231885,0.4666666666666667,0.16666666666666669
edas-sigkdd,simple_tfidf,1.0,0.4666666666666667,0.6363636363636364
edas-sigkdd,jaro_winkler_tfidf,0.7777777777777778,0.4666666666666667,0.5833333333333334
edas-sigkdd,levenshteinDistance,0.7777777777777778,0.4666666666666667,0.5833333333333334
edas-sigkdd,hammingDistance,0.875,0.4666666666666667,0.608695652173913
edas-sigkdd,equalDistance,1.0,0.4666666666666667,0.6363636363636364
edas-sigkdd,subStringDistance,0.6363636363636364,0.4666666666666667,0.5384615384615385
edas-sigkdd,ngramDistancedeunimadwsoamatchingmatcherstructurallevelSimilarityFloodingMatcher,0.0,0.0,0.0
edas-sigkdd,jaroWinklerMeasuredeunimadwsoamatchingmatcherstructurallevelSimilarityFloodingMatcher,0.0,0.0,0.0
edas-sigkdd,jaroMeasure,0.35,0.4666666666666667,0.4
edas-sigkdd,best_base_matcher,1.0,0.4666666666666667,0.6363636363636364
ekaw-iasted,core_platform,0.6666666666666666,0.6,0.631578947368421
ekaw-iasted,majority_vote,1.0,0.6,0.7499999999999999
ekaw-iasted,ngramDistance,0.75,0.6,0.6666666666666665
ekaw-iasted,level2_monge_elkandeunimadwsoamatchingmatcherstructurallevelGraphBasedUsedPropertyMatcher,0.029850746268656716,0.6,0.05687203791469194
ekaw-iasted,wuPalmer,0.1891891891891892,0.7,0.2978723404255319
ekaw-iasted,wuPalmerdeunimadwsoamatchingmatcherstructurallevelSimilarityFloodingMatcher,0.0,0.0,0.0
ekaw-iasted,path,0.625,0.5,0.5555555555555556
ekaw-iasted,lin,0.45454545454545453,0.5,0.47619047619047616
ekaw-iasted,level2_jara_winklerdeunimadwsoamatchingmatcherstructurallevelGraphBasedUsedPropertyMatcher,0.06315789473684211,0.6,0.1142857142857143
ekaw-iasted,jaroWinklerMeasuredeunimadwsoamatchingmatcherstructurallevelGraphBasedUsedPropertyMatcher,0.05504587155963303,0.6,0.10084033613445378
ekaw-iasted,word2VecdeunimadwsoamatchingmatcherstructurallevelSimilarityFloodingMatcher,0.0,0.0,0.0
ekaw-iasted,jaroWinklerMeasure,0.05504587155963303,0.6,0.10084033613445378
ekaw-iasted,word2Vec,0.5,0.5,0.5
ekaw-iasted,level2_jara_winkler,0.06315789473684211,0.6,0.1142857142857143
ekaw-iasted,prefix,0.18181818181818182,0.6,0.27906976744186046
ekaw-iasted,level2_jara_winklerdeunimadwsoamatchingmatcherstructurallevelSimilarityFloodingMatcher,0.0,0.0,0.0
ekaw-iasted,ngramDistancedeunimadwsoamatchingmatcherstructurallevelGraphBasedUsedPropertyMatcher,0.75,0.6,0.6666666666666665
ekaw-iasted,equalDistancedeunimadwsoamatchingmatcherstructurallevelGraphBasedUsedPropertyMatcher,1.0,0.6,0.7499999999999999
ekaw-iasted,word2VecStemmed,0.5,0.4,0.4444444444444445
ekaw-iasted,jaccard,1.0,0.6,0.7499999999999999
ekaw-iasted,level2_monge_elkan,0.029850746268656716,0.6,0.05687203791469194
ekaw-iasted,suffix,0.25925925925925924,0.7,0.37837837837837834
ekaw-iasted,word2VecStemmeddeunimadwsoamatchingmatcherstructurallevelSimilarityFloodingMatcher,0.0,0.0,0.0
ekaw-iasted,esaSim,0.5,0.5,0.5
ekaw-iasted,suffixdeunimadwsoamatchingmatcherstructurallevelSimilarityFloodingMatcher,0.0,0.0,0.0
ekaw-iasted,level2_jaro,0.06896551724137931,0.6,0.12371134020618556
ekaw-iasted,wuPalmerdeunimadwsoamatchingmatcherstructurallevelGraphBasedUsedPropertyMatcher,0.1891891891891892,0.7,0.2978723404255319
ekaw-iasted,smoaDistance,0.08045977011494253,0.7,0.14432989690721648
ekaw-iasted,level2_monge_elkandeunimadwsoamatchingmatcherstructurallevelSimilarityFloodingMatcher,0.0,0.0,0.0
ekaw-iasted,jiangConrath,0.6666666666666666,0.6,0.631578947368421
ekaw-iasted,needlemanWunsch2Distance,0.8571428571428571,0.6,0.7058823529411764
ekaw-iasted,umbcSim,0.5,0.6,0.5454545454545454
ekaw-iasted,soft_tfidf_jaro,0.5,0.6,0.5454545454545454
ekaw-iasted,suffixdeunimadwsoamatchingmatcherstructurallevelGraphBasedUsedPropertyMatcher,0.25925925925925924,0.7,0.37837837837837834
ekaw-iasted,word2VecStemmeddeunimadwsoamatchingmatcherstructurallevelGraphBasedUsedPropertyMatcher,0.5,0.4,0.4444444444444445
ekaw-iasted,word2VecdeunimadwsoamatchingmatcherstructurallevelGraphBasedUsedPropertyMatcher,0.5,0.5,0.5
ekaw-iasted,mongeElkan,0.07608695652173914,0.7,0.13725490196078433
ekaw-iasted,simple_tfidf,0.6666666666666666,0.6,0.631578947368421
ekaw-iasted,jaro_winkler_tfidf,0.5454545454545454,0.6,0.5714285714285713
ekaw-iasted,levenshteinDistance,0.8571428571428571,0.6,0.7058823529411764
ekaw-iasted,hammingDistance,0.8571428571428571,0.6,0.7058823529411764
ekaw-iasted,equalDistancedeunimadwsoamatchingmatcherstructurallevelSimilarityFloodingMatcher,0.0,0.0,0.0
ekaw-iasted,equalDistance,1.0,0.6,0.7499999999999999
ekaw-iasted,subStringDistance,0.6,0.6,0.6
ekaw-iasted,ngramDistancedeunimadwsoamatchingmatcherstructurallevelSimilarityFloodingMatcher,0.0,0.0,0.0
ekaw-iasted,jaroWinklerMeasuredeunimadwsoamatchingmatcherstructurallevelSimilarityFloodingMatcher,0.0,0.0,0.0
ekaw-iasted,jaroMeasure,0.07407407407407407,0.6,0.13186813186813187
ekaw-iasted,best_base_matcher,1.0,0.6,0.7499999999999999
ekaw-sigkdd,core_platform,0.875,0.6363636363636364,0.7368421052631579
ekaw-sigkdd,majority_vote,1.0,0.6363636363636364,0.7777777777777778
ekaw-sigkdd,ngramDistance,1.0,0.6363636363636364,0.7777777777777778
ekaw-sigkdd,wuPalmer,0.3684210526315789,0.6363636363636364,0.4666666666666667
ekaw-sigkdd,wuPalmerdeunimadwsoamatchingmatcherstructurallevelSimilarityFloodingMatcher,0.0,0.0,0.0
ekaw-sigkdd,path,1.0,0.5454545454545454,0.7058823529411764
ekaw-sigkdd,lin,1.0,0.5454545454545454,0.7058823529411764
ekaw-sigkdd,level2_jara_winklerdeunimadwsoamatchingmatcherstructurallevelGraphBasedUsedPropertyMatcher,0.12280701754385964,0.6363636363636364,0.20588235294117646
ekaw-sigkdd,jaroWinklerMeasuredeunimadwsoamatchingmatcherstructurallevelGraphBasedUsedPropertyMatcher,0.2,0.6363636363636364,0.30434782608695654
ekaw-sigkdd,jaroWinklerMeasure,0.2,0.6363636363636364,0.30434782608695654
ekaw-sigkdd,word2Vec,0.8571428571428571,0.5454545454545454,0.6666666666666665
ekaw-sigkdd,level2_jara_winkler,0.12280701754385964,0.6363636363636364,0.20588235294117646
ekaw-sigkdd,prefix,0.4375,0.6363636363636364,0.5185185185185185
ekaw-sigkdd,level2_jara_winklerdeunimadwsoamatchingmatcherstructurallevelSimilarityFloodingMatcher,0.0,0.0,0.0
ekaw-sigkdd,ngramDistancedeunimadwsoamatchingmatcherstructurallevelGraphBasedUsedPropertyMatcher,1.0,0.6363636363636364,0.7777777777777778
ekaw-sigkdd,word2VecStemmed,1.0,0.45454545454545453,0.625
ekaw-sigkdd,jaccard,1.0,0.6363636363636364,0.7777777777777778
ekaw-sigkdd,level2_monge_elkan,0.14583333333333334,0.6363636363636364,0.23728813559322035
ekaw-sigkdd,suffix,0.27586206896551724,0.7272727272727273,0.4
ekaw-sigkdd,esaSim,1.0,0.5454545454545454,0.7058823529411764
ekaw-sigkdd,level2_jaro,0.1346153846153846,0.6363636363636364,0.22222222222222224
ekaw-sigkdd,wuPalmerdeunimadwsoamatchingmatcherstructurallevelGraphBasedUsedPropertyMatcher,0.3684210526315789,0.6363636363636364,0.4666666666666667
ekaw-sigkdd,smoaDistance,0.25806451612903225,0.7272727272727273,0.38095238095238093
ekaw-sigkdd,jiangConrath,1.0,0.5454545454545454,0.7058823529411764
ekaw-sigkdd,needlemanWunsch2Distance,1.0,0.6363636363636364,0.7777777777777778
ekaw-sigkdd,umbcSim,0.6363636363636364,0.6363636363636364,0.6363636363636364
ekaw-sigkdd,soft_tfidf_jaro,0.875,0.6363636363636364,0.7368421052631579
ekaw-sigkdd,mongeElkan,0.125,0.7272727272727273,0.21333333333333335
ekaw-sigkdd,simple_tfidf,1.0,0.6363636363636364,0.7777777777777778
ekaw-sigkdd,jaro_winkler_tfidf,0.875,0.6363636363636364,0.7368421052631579
ekaw-sigkdd,levenshteinDistance,1.0,0.6363636363636364,0.7777777777777778
ekaw-sigkdd,hammingDistance,1.0,0.6363636363636364,0.7777777777777778
ekaw-sigkdd,equalDistance,1.0,0.6363636363636364,0.7777777777777778
ekaw-sigkdd,subStringDistance,0.7777777777777778,0.6363636363636364,0.7000000000000001
ekaw-sigkdd,ngramDistancedeunimadwsoamatchingmatcherstructurallevelSimilarityFloodingMatcher,0.0,0.0,0.0
ekaw-sigkdd,jaroWinklerMeasuredeunimadwsoamatchingmatcherstructurallevelSimilarityFloodingMatcher,0.0,0.0,0.0
ekaw-sigkdd,jaroMeasure,0.30434782608695654,0.6363636363636364,0.411764705882353
ekaw-sigkdd,best_base_matcher,1.0,0.6363636363636364,0.7777777777777778
iasted-sigkdd,core_platform,0.7857142857142857,0.7333333333333333,0.7586206896551724
iasted-sigkdd,majority_vote,0.7857142857142857,0.7333333333333333,0.7586206896551724
iasted-sigkdd,ngramDistance,0.65,0.8666666666666667,0.7428571428571429
iasted-sigkdd,wuPalmer,0.2222222222222222,0.5333333333333333,0.3137254901960784
iasted-sigkdd,wuPalmerdeunimadwsoamatchingmatcherstructurallevelSimilarityFloodingMatcher,0.0,0.0,0.0
iasted-sigkdd,path,0.6666666666666666,0.5333333333333333,0.5925925925925926
iasted-sigkdd,lin,0.5,0.5333333333333333,0.5161290322580646
iasted-sigkdd,level2_jara_winklerdeunimadwsoamatchingmatcherstructurallevelGraphBasedUsedPropertyMatcher,0.20634920634920634,0.8666666666666667,0.3333333333333333
iasted-sigkdd,jaroWinklerMeasuredeunimadwsoamatchingmatcherstructurallevelGraphBasedUsedPropertyMatcher,0.13541666666666666,0.8666666666666667,0.2342342342342342
iasted-sigkdd,jaroWinklerMeasure,0.13541666666666666,0.8666666666666667,0.2342342342342342
iasted-sigkdd,word2Vec,0.6153846153846154,0.5333333333333333,0.5714285714285715
iasted-sigkdd,level2_jara_winkler,0.20634920634920634,0.8666666666666667,0.3333333333333333
iasted-sigkdd,prefix,0.19298245614035087,0.7333333333333333,0.3055555555555555
iasted-sigkdd,level2_jara_winklerdeunimadwsoamatchingmatcherstructurallevelSimilarityFloodingMatcher,0.0,0.0,0.0
iasted-sigkdd,ngramDistancedeunimadwsoamatchingmatcherstructurallevelGraphBasedUsedPropertyMatcher,0.65,0.8666666666666667,0.7428571428571429
iasted-sigkdd,word2VecStemmed,0.6666666666666666,0.4,0.5
iasted-sigkdd,jaccard,0.7857142857142857,0.7333333333333333,0.7586206896551724
iasted-sigkdd,level2_monge_elkan,0.16176470588235295,0.7333333333333333,0.26506024096385544
iasted-sigkdd,suffix,0.22916666666666666,0.7333333333333333,0.3492063492063492
iasted-sigkdd,esaSim,0.4,0.5333333333333333,0.4571428571428572
iasted-sigkdd,level2_jaro,0.24074074074074073,0.8666666666666667,0.37681159420289856
iasted-sigkdd,wuPalmerdeunimadwsoamatchingmatcherstructurallevelGraphBasedUsedPropertyMatcher,0.2222222222222222,0.5333333333333333,0.3137254901960784
iasted-sigkdd,smoaDistance,0.14583333333333334,0.9333333333333333,0.2522522522522523
iasted-sigkdd,jiangConrath,0.6666666666666666,0.5333333333333333,0.5925925925925926
iasted-sigkdd,needlemanWunsch2Distance,0.75,0.8,0.7741935483870969
iasted-sigkdd,umbcSim,0.2857142857142857,0.5333333333333333,0.37209302325581395
iasted-sigkdd,soft_tfidf_jaro,0.5652173913043478,0.8666666666666667,0.6842105263157895
iasted-sigkdd,mongeElkan,0.08870967741935484,0.7333333333333333,0.15827338129496402
iasted-sigkdd,simple_tfidf,0.75,0.8,0.7741935483870969
iasted-sigkdd,jaro_winkler_tfidf,0.6190476190476191,0.8666666666666667,0.7222222222222222
iasted-sigkdd,levenshteinDistance,0.6666666666666666,0.8,0.7272727272727272
iasted-sigkdd,hammingDistance,0.7058823529411765,0.8,0.7500000000000001
iasted-sigkdd,equalDistance,0.7857142857142857,0.7333333333333333,0.7586206896551724
iasted-sigkdd,subStringDistance,0.4782608695652174,0.7333333333333333,0.5789473684210527
iasted-sigkdd,ngramDistancedeunimadwsoamatchingmatcherstructurallevelSimilarityFloodingMatcher,0.0,0.0,0.0
iasted-sigkdd,jaroWinklerMeasuredeunimadwsoamatchingmatcherstructurallevelSimilarityFloodingMatcher,0.0,0.0,0.0
iasted-sigkdd,jaroMeasure,0.21818181818181817,0.8,0.34285714285714286
iasted-sigkdd,best_base_matcher,0.75,0.8,0.7741935483870969
