left,relation,right,owl_type,match_type,wuPalmer,path,lin,equalSimilarityStemmed,word2Vec,jaccard,path_stemmed,wuPalmerdeunimadwsoamatchingmatcherstructurallevelGraphBasedUsedPropertyMatcher,smoaDistance,wuPalmerdeunimadwsoamatchingmatcherstructurallevelGraphBasedUsedClassMatcher,jiangConrath,umbcSim,soft_tfidf_jaro,fuzzydice,fuzzycosine,wuPalmerdeunimadwsoamatchingmatcherstructurallevelNeighborHoodSimilarityMatcher,simple_tfidf,fuzzyjaccard,umbcphrasesim
http://oaei.ontologymatching.org/2011/benchmarks/101/onto.rdf#InBook,=,http://oaei.ontologymatching.org/2011/benchmarks/262/onto.rdf#scds,c,FF,0.0,0.0,0.0,0.0,0.07867994661281565,0.0,0.05555555555555555,0.0,0.0,0.0,0.0,0.0,0.0,0.0,0.0,0.0,0.0,0.0,0.0
http://oaei.ontologymatching.org/2011/benchmarks/101/onto.rdf#InCollection,=,http://oaei.ontologymatching.org/2011/benchmarks/262/onto.rdf#izxnquo,c,FF,0.0,0.0,0.0,0.0,0.0,0.0,0.0,0.0,0.050000000000000044,0.0,0.0,0.0,0.0,0.0,0.0,0.0,0.0,0.0,0.0
http://oaei.ontologymatching.org/2011/benchmarks/101/onto.rdf#Chapter,=,http://oaei.ontologymatching.org/2011/benchmarks/262/onto.rdf#scds,c,FF,0.0,0.0,0.0,0.0,0.06391943754053477,0.0,0.09090909090909091,0.0,0.0,0.0,0.0,0.0,0.0,0.0,0.0,0.0,0.0,0.0,0.0
http://oaei.ontologymatching.org/2011/benchmarks/101/onto.rdf#School,=,http://oaei.ontologymatching.org/2011/benchmarks/262/onto.rdf#sqxsqkd,c,FF,0.0,0.0,0.0,0.0,0.0,0.0,0.0,0.0,0.050000000000000044,0.0,0.0,0.0,0.0,0.0,0.0,0.0,0.0,0.0,0.0
http://oaei.ontologymatching.org/2011/benchmarks/101/onto.rdf#Reference,=,http://oaei.ontologymatching.org/2011/benchmarks/262/onto.rdf#scds,c,LF,0.0,0.0,0.0,0.0,0.08558824266280238,0.0,0.0,0.0,0.0,0.0,0.0,0.0,0.0,0.0,0.0,0.0,0.0,0.0,0.0
http://oaei.ontologymatching.org/2011/benchmarks/101/onto.rdf#School,=,http://oaei.ontologymatching.org/2011/benchmarks/262/onto.rdf#scds,c,LF,0.0,0.0,0.0,0.0,0.0,0.0,0.07142857142857142,0.0,0.09999999999999998,0.0,0.0,0.0,0.0,0.0,0.0,0.0,0.0,0.0,0.0
http://oaei.ontologymatching.org/2011/benchmarks/101/onto.rdf#InBook,=,http://oaei.ontologymatching.org/2011/benchmarks/262/onto.rdf#scds,c,LF,0.0,0.0,0.0,0.0,0.07867994661281565,0.0,0.05555555555555555,0.0,0.0,0.0,0.0,0.0,0.0,0.0,0.0,0.0,0.0,0.0,0.0
http://oaei.ontologymatching.org/2011/benchmarks/101/onto.rdf#Collection,=,http://oaei.ontologymatching.org/2011/benchmarks/262/onto.rdf#scds,c,LF,0.0,0.0,0.0,0.0,0.0,0.0,0.06666666666666667,0.0,0.0,0.0,0.0,0.0,0.0,0.0,0.0,0.0,0.0,0.0,0.0
http://oaei.ontologymatching.org/2011/benchmarks/101/onto.rdf#Monograph,=,http://oaei.ontologymatching.org/2011/benchmarks/262/onto.rdf#scds,c,LF,0.0,0.0,0.0,0.0,0.11346537767147621,0.0,0.09090909090909091,0.0,0.0,0.0,0.0,0.0,0.0,0.0,0.0,0.0,0.0,0.0,0.0
http://oaei.ontologymatching.org/2011/benchmarks/101/onto.rdf#PersonList,=,http://oaei.ontologymatching.org/2011/benchmarks/262/onto.rdf#scds,c,FF,0.0,0.0,0.0,0.0,0.0,0.0,0.0787878787878788,0.0,0.0,0.0,0.0,0.0,0.0,0.0,0.0,0.0,0.0,0.0,0.0
http://oaei.ontologymatching.org/2011/benchmarks/101/onto.rdf#Date,=,http://oaei.ontologymatching.org/2011/benchmarks/262/onto.rdf#dcsqdsq,c,FF,0.0,0.0,0.0,0.0,0.0,0.0,0.0,0.0,0.050000000000000044,0.0,0.0,0.0,0.0,0.0,0.0,0.0,0.0,0.0,0.0
http://oaei.ontologymatching.org/2011/benchmarks/101/onto.rdf#InBook,=,http://oaei.ontologymatching.org/2011/benchmarks/262/onto.rdf#izxnquo,c,FF,0.0,0.0,0.0,0.0,0.0,0.0,0.0,0.0,0.050000000000000044,0.0,0.0,0.0,0.0,0.0,0.0,0.0,0.0,0.0,0.0
http://oaei.ontologymatching.org/2011/benchmarks/101/onto.rdf#Unpublished,=,http://oaei.ontologymatching.org/2011/benchmarks/262/onto.rdf#scds,c,LF,0.0,0.0,0.0,0.0,0.07640267311247767,0.0,0.0,0.0,0.0,0.0,0.0,0.0,0.0,0.0,0.0,0.0,0.0,0.0,0.0
http://oaei.ontologymatching.org/2011/benchmarks/101/onto.rdf#School,=,http://oaei.ontologymatching.org/2011/benchmarks/262/onto.rdf#scds,c,FF,0.0,0.0,0.0,0.0,0.0,0.0,0.07142857142857142,0.0,0.09999999999999998,0.0,0.0,0.0,0.0,0.0,0.0,0.0,0.0,0.0,0.0
http://oaei.ontologymatching.org/2011/benchmarks/101/onto.rdf#Deliverable,=,http://oaei.ontologymatching.org/2011/benchmarks/262/onto.rdf#dscdscg,c,FF,0.0,0.0,0.0,0.0,0.0,0.0,0.0,0.0,0.050000000000000044,0.0,0.0,0.0,0.0,0.0,0.0,0.0,0.0,0.0,0.0
http://oaei.ontologymatching.org/2011/benchmarks/101/onto.rdf#Academic,=,http://oaei.ontologymatching.org/2011/benchmarks/262/onto.rdf#azzauhuie,c,FF,0.0,0.0,0.0,0.0,0.0,0.0,0.0,0.0,0.050000000000000044,0.0,0.0,0.0,0.0,0.0,0.0,0.0,0.0,0.0,0.0
http://oaei.ontologymatching.org/2011/benchmarks/101/onto.rdf#Publisher,=,http://oaei.ontologymatching.org/2011/benchmarks/262/onto.rdf#scds,c,FF,0.0,0.0,0.0,0.0,0.051695374457794645,0.0,0.0,0.0,0.0,0.0,0.0,0.0,0.0,0.0,0.0,0.0,0.0,0.0,0.0
http://oaei.ontologymatching.org/2011/benchmarks/101/onto.rdf#Date,=,http://oaei.ontologymatching.org/2011/benchmarks/262/onto.rdf#dqzdxdcsqj,c,FF,0.0,0.0,0.0,0.0,0.0,0.0,0.0,0.0,0.050000000000000044,0.0,0.0,0.0,0.0,0.0,0.0,0.0,0.0,0.0,0.0
http://oaei.ontologymatching.org/2011/benchmarks/101/onto.rdf#Deliverable,=,http://oaei.ontologymatching.org/2011/benchmarks/262/onto.rdf#dzqndbzq,c,FF,0.0,0.0,0.0,0.0,0.0,0.0,0.0,0.0,0.050000000000000044,0.0,0.0,0.0,0.0,0.0,0.0,0.0,0.0,0.0,0.0
http://oaei.ontologymatching.org/2011/benchmarks/101/onto.rdf#Date,=,http://oaei.ontologymatching.org/2011/benchmarks/262/onto.rdf#dzajndsq,c,FF,0.0,0.0,0.0,0.0,0.0,0.0,0.0,0.0,0.050000000000000044,0.0,0.0,0.0,0.0,0.0,0.0,0.0,0.0,0.0,0.0
http://oaei.ontologymatching.org/2011/benchmarks/101/onto.rdf#Article,=,http://oaei.ontologymatching.org/2011/benchmarks/262/onto.rdf#azzauhuie,c,LF,0.0,0.0,0.0,0.0,0.0,0.0,0.0,0.0,0.050000000000000044,0.0,0.0,0.0,0.0,0.0,0.0,0.0,0.0,0.0,0.0
http://oaei.ontologymatching.org/2011/benchmarks/101/onto.rdf#PhdThesis,=,http://oaei.ontologymatching.org/2011/benchmarks/262/onto.rdf#scds,c,FF,0.0,0.0,0.0,0.0,0.13549817522784469,0.0,0.08333333333333333,0.0,0.0,0.0,0.0,0.0,0.0,0.0,0.0,0.0,0.0,0.0,0.0
http://oaei.ontologymatching.org/2011/benchmarks/101/onto.rdf#Deliverable,=,http://oaei.ontologymatching.org/2011/benchmarks/262/onto.rdf#dzajndsq,c,FF,0.0,0.0,0.0,0.0,0.0,0.0,0.0,0.0,0.050000000000000044,0.0,0.0,0.0,0.0,0.0,0.0,0.0,0.0,0.0,0.0
http://oaei.ontologymatching.org/2011/benchmarks/101/onto.rdf#Date,=,http://oaei.ontologymatching.org/2011/benchmarks/262/onto.rdf#deqdxcsqcsq,c,LF,0.0,0.0,0.0,0.0,0.0,0.0,0.0,0.0,0.050000000000000044,0.0,0.0,0.0,0.0,0.0,0.0,0.0,0.0,0.0,0.0
http://oaei.ontologymatching.org/2011/benchmarks/101/onto.rdf#Book,=,http://oaei.ontologymatching.org/2011/benchmarks/262/onto.rdf#scds,c,FF,0.0,0.0,0.0,0.0,0.07867994661281565,0.0,0.05555555555555555,0.0,0.0,0.0,0.0,0.0,0.0,0.0,0.0,0.0,0.0,0.0,0.0
http://oaei.ontologymatching.org/2011/benchmarks/101/onto.rdf#Deliverable,=,http://oaei.ontologymatching.org/2011/benchmarks/262/onto.rdf#deqdxcsqcsq,c,LF,0.0,0.0,0.0,0.0,0.0,0.0,0.0,0.0,0.09999999999999998,0.0,0.0,0.0,0.0,0.0,0.0,0.0,0.0,0.0,0.0
http://oaei.ontologymatching.org/2011/benchmarks/101/onto.rdf#Chapter,=,http://oaei.ontologymatching.org/2011/benchmarks/262/onto.rdf#scds,c,LF,0.0,0.0,0.0,0.0,0.0,0.0,0.07777777777777778,0.0,0.0,0.0,0.0,0.0,0.0,0.0,0.0,0.0,0.0,0.0,0.0
http://oaei.ontologymatching.org/2011/benchmarks/101/onto.rdf#Part,=,http://oaei.ontologymatching.org/2011/benchmarks/262/onto.rdf#scds,c,LF,0.0,0.0,0.0,0.0,0.0,0.0,0.1,0.0,0.0,0.0,0.0,0.0,0.0,0.0,0.0,0.0,0.0,0.0,0.0
http://oaei.ontologymatching.org/2011/benchmarks/101/onto.rdf#Misc,=,http://oaei.ontologymatching.org/2011/benchmarks/262/onto.rdf#scds,c,LF,0.0,0.0,0.0,0.0,0.241112655646351,0.0,0.0,0.0,0.0,0.0,0.0,0.0,0.0,0.0,0.0,0.0,0.0,0.0,0.0
http://oaei.ontologymatching.org/2011/benchmarks/101/onto.rdf#Date,=,http://oaei.ontologymatching.org/2011/benchmarks/262/onto.rdf#scds,c,LF,0.0,0.0,0.0,0.0,0.0,0.0,0.08333333333333333,0.0,0.0,0.0,0.0,0.0,0.0,0.0,0.0,0.0,0.0,0.0,0.0
http://oaei.ontologymatching.org/2011/benchmarks/101/onto.rdf#Date,=,http://oaei.ontologymatching.org/2011/benchmarks/262/onto.rdf#dcsqdcsqd,c,FF,0.0,0.0,0.0,0.0,0.0,0.0,0.0,0.0,0.050000000000000044,0.0,0.0,0.0,0.0,0.0,0.0,0.0,0.0,0.0,0.0
http://oaei.ontologymatching.org/2011/benchmarks/101/onto.rdf#Date,=,http://oaei.ontologymatching.org/2011/benchmarks/262/onto.rdf#dzqndbzq,c,LF,0.0,0.0,0.0,0.0,0.0,0.0,0.0,0.0,0.050000000000000044,0.0,0.0,0.0,0.0,0.0,0.0,0.0,0.0,0.0,0.0
http://oaei.ontologymatching.org/2011/benchmarks/101/onto.rdf#Report,=,http://oaei.ontologymatching.org/2011/benchmarks/262/onto.rdf#scds,c,LF,0.0,0.0,0.0,0.0,0.06344181699107708,0.0,0.09090909090909091,0.0,0.0,0.0,0.0,0.0,0.0,0.0,0.0,0.0,0.0,0.0,0.0
http://oaei.ontologymatching.org/2011/benchmarks/101/onto.rdf#Deliverable,=,http://oaei.ontologymatching.org/2011/benchmarks/262/onto.rdf#dscdscg,c,LF,0.0,0.0,0.0,0.0,0.0,0.0,0.0,0.0,0.050000000000000044,0.0,0.0,0.0,0.0,0.0,0.0,0.0,0.0,0.0,0.0
http://oaei.ontologymatching.org/2011/benchmarks/101/onto.rdf#Reference,=,http://oaei.ontologymatching.org/2011/benchmarks/262/onto.rdf#scds,c,FF,0.0,0.0,0.0,0.0,0.08558824266280238,0.0,0.0,0.0,0.0,0.0,0.0,0.0,0.0,0.0,0.0,0.0,0.0,0.0,0.0
http://oaei.ontologymatching.org/2011/benchmarks/101/onto.rdf#InCollection,=,http://oaei.ontologymatching.org/2011/benchmarks/262/onto.rdf#scds,c,FF,0.0,0.0,0.0,0.0,0.0,0.0,0.06666666666666667,0.0,0.0,0.0,0.0,0.0,0.0,0.0,0.0,0.0,0.0,0.0,0.0
http://oaei.ontologymatching.org/2011/benchmarks/101/onto.rdf#Date,=,http://oaei.ontologymatching.org/2011/benchmarks/262/onto.rdf#dqzdxdcsqj,c,LF,0.0,0.0,0.0,0.0,0.0,0.0,0.0,0.0,0.050000000000000044,0.0,0.0,0.0,0.0,0.0,0.0,0.0,0.0,0.0,0.0
http://oaei.ontologymatching.org/2011/benchmarks/101/onto.rdf#Collection,=,http://oaei.ontologymatching.org/2011/benchmarks/262/onto.rdf#scds,c,FF,0.0,0.0,0.0,0.0,0.0,0.0,0.06666666666666667,0.0,0.0,0.0,0.0,0.0,0.0,0.0,0.0,0.0,0.0,0.0,0.0
http://oaei.ontologymatching.org/2011/benchmarks/101/onto.rdf#MastersThesis,=,http://oaei.ontologymatching.org/2011/benchmarks/262/onto.rdf#scds,c,LF,0.0,0.0,0.0,0.0,0.03250452666264565,0.0,0.027777777777777776,0.0,0.0,0.0,0.0,0.0,0.0,0.0,0.0,0.0,0.0,0.0,0.0
http://oaei.ontologymatching.org/2011/benchmarks/101/onto.rdf#Informal,=,http://oaei.ontologymatching.org/2011/benchmarks/262/onto.rdf#izxnquo,c,FF,0.0,0.0,0.0,0.0,0.0,0.0,0.0,0.0,0.050000000000000044,0.0,0.0,0.0,0.0,0.0,0.0,0.0,0.0,0.0,0.0
http://oaei.ontologymatching.org/2011/benchmarks/101/onto.rdf#Date,=,http://oaei.ontologymatching.org/2011/benchmarks/262/onto.rdf#dsqdbz,c,LF,0.0,0.0,0.0,0.0,0.0,0.0,0.0,0.0,0.050000000000000044,0.0,0.0,0.0,0.0,0.0,0.0,0.0,0.0,0.0,0.0
http://oaei.ontologymatching.org/2011/benchmarks/101/onto.rdf#Deliverable,=,http://oaei.ontologymatching.org/2011/benchmarks/262/onto.rdf#dqzdxdcsqj,c,LF,0.0,0.0,0.0,0.0,0.0,0.0,0.0,0.0,0.050000000000000044,0.0,0.0,0.0,0.0,0.0,0.0,0.0,0.0,0.0,0.0
http://oaei.ontologymatching.org/2011/benchmarks/101/onto.rdf#Date,=,http://oaei.ontologymatching.org/2011/benchmarks/262/onto.rdf#dnqsb,c,LF,0.0,0.0,0.0,0.0,0.0,0.0,0.0,0.0,0.050000000000000044,0.0,0.0,0.0,0.0,0.0,0.0,0.0,0.0,0.0,0.0
http://oaei.ontologymatching.org/2011/benchmarks/101/onto.rdf#Deliverable,=,http://oaei.ontologymatching.org/2011/benchmarks/262/onto.rdf#dnqsb,c,FF,0.0,0.0,0.0,0.0,0.0,0.0,0.0,0.0,0.050000000000000044,0.0,0.0,0.0,0.0,0.0,0.0,0.0,0.0,0.0,0.0
http://oaei.ontologymatching.org/2011/benchmarks/101/onto.rdf#Unpublished,=,http://oaei.ontologymatching.org/2011/benchmarks/262/onto.rdf#scds,c,FF,0.0,0.0,0.0,0.0,0.07640267311247767,0.0,0.0,0.0,0.0,0.0,0.0,0.0,0.0,0.0,0.0,0.0,0.0,0.0,0.0
http://oaei.ontologymatching.org/2011/benchmarks/101/onto.rdf#School,=,http://oaei.ontologymatching.org/2011/benchmarks/262/onto.rdf#sqdsopq,c,LF,0.0,0.0,0.0,0.0,0.0,0.0,0.0,0.0,0.050000000000000044,0.0,0.0,0.0,0.0,0.0,0.0,0.0,0.0,0.0,0.0
http://oaei.ontologymatching.org/2011/benchmarks/101/onto.rdf#School,=,http://oaei.ontologymatching.org/2011/benchmarks/262/onto.rdf#sdcsqhyz,c,FF,0.0,0.0,0.0,0.0,0.0,0.0,0.0,0.0,0.050000000000000044,0.0,0.0,0.0,0.0,0.0,0.0,0.0,0.0,0.0,0.0
http://oaei.ontologymatching.org/2011/benchmarks/101/onto.rdf#School,=,http://oaei.ontologymatching.org/2011/benchmarks/262/onto.rdf#sqxsqkd,c,LF,0.0,0.0,0.0,0.0,0.0,0.0,0.0,0.0,0.050000000000000044,0.0,0.0,0.0,0.0,0.0,0.0,0.0,0.0,0.0,0.0
http://oaei.ontologymatching.org/2011/benchmarks/101/onto.rdf#Informal,=,http://oaei.ontologymatching.org/2011/benchmarks/262/onto.rdf#izxnquo,c,LF,0.0,0.0,0.0,0.0,0.0,0.0,0.0,0.0,0.050000000000000044,0.0,0.0,0.0,0.0,0.0,0.0,0.0,0.0,0.0,0.0
http://oaei.ontologymatching.org/2011/benchmarks/101/onto.rdf#Book,=,http://oaei.ontologymatching.org/2011/benchmarks/262/onto.rdf#scds,c,LF,0.0,0.0,0.0,0.0,0.07867994661281565,0.0,0.05555555555555555,0.0,0.0,0.0,0.0,0.0,0.0,0.0,0.0,0.0,0.0,0.0,0.0
http://oaei.ontologymatching.org/2011/benchmarks/101/onto.rdf#Report,=,http://oaei.ontologymatching.org/2011/benchmarks/262/onto.rdf#dzqndbzq,c,FF,0.0,0.0,0.0,0.0,0.0,0.0,0.0,0.0,0.0,0.0,0.0,1.0,0.0,0.0,0.0,0.0,0.0,0.0,0.0
http://oaei.ontologymatching.org/2011/benchmarks/101/onto.rdf#InBook,=,http://oaei.ontologymatching.org/2011/benchmarks/262/onto.rdf#izxnquo,c,LF,0.0,0.0,0.0,0.0,0.0,0.0,0.0,0.0,0.050000000000000044,0.0,0.0,0.0,0.0,0.0,0.0,0.0,0.0,0.0,0.0
http://oaei.ontologymatching.org/2011/benchmarks/101/onto.rdf#InProceedings,=,http://oaei.ontologymatching.org/2011/benchmarks/262/onto.rdf#izxnquo,c,FF,0.0,0.0,0.0,0.0,0.0,0.0,0.0,0.0,0.050000000000000044,0.0,0.0,0.0,0.0,0.0,0.0,0.0,0.0,0.0,0.0
http://oaei.ontologymatching.org/2011/benchmarks/101/onto.rdf#Deliverable,=,http://oaei.ontologymatching.org/2011/benchmarks/262/onto.rdf#dcsqdcsqd,c,LF,0.0,0.0,0.0,0.0,0.0,0.0,0.0,0.0,0.050000000000000044,0.0,0.0,0.0,0.0,0.0,0.0,0.0,0.0,0.0,0.0
http://oaei.ontologymatching.org/2011/benchmarks/101/onto.rdf#MotionPicture,=,http://oaei.ontologymatching.org/2011/benchmarks/262/onto.rdf#scds,c,FF,0.0,0.0,0.0,0.0,0.010538122920451247,0.0,0.05555555555555555,0.0,0.0,0.0,0.0,0.0,0.0,0.0,0.0,0.0,0.0,0.0,0.0
http://oaei.ontologymatching.org/2011/benchmarks/101/onto.rdf#InCollection,=,http://oaei.ontologymatching.org/2011/benchmarks/262/onto.rdf#izxnquo,c,LF,0.0,0.0,0.0,0.0,0.0,0.0,0.0,0.0,0.050000000000000044,0.0,0.0,0.0,0.0,0.0,0.0,0.0,0.0,0.0,0.0
http://oaei.ontologymatching.org/2011/benchmarks/101/onto.rdf#Date,=,http://oaei.ontologymatching.org/2011/benchmarks/262/onto.rdf#dcsqdsq,c,LF,0.0,0.0,0.0,0.0,0.0,0.0,0.0,0.0,0.050000000000000044,0.0,0.0,0.0,0.0,0.0,0.0,0.0,0.0,0.0,0.0
http://oaei.ontologymatching.org/2011/benchmarks/101/onto.rdf#Reference,=,http://oaei.ontologymatching.org/2011/benchmarks/262/onto.rdf#zajdhqs,c,LF,0.0,0.0,0.0,0.0,0.0,0.0,0.0,0.0,0.0,0.0,0.0,0.0,0.0,0.0,0.0,0.0,0.0,0.0,0.12004059553146362
http://oaei.ontologymatching.org/2011/benchmarks/101/onto.rdf#Reference,=,http://oaei.ontologymatching.org/2011/benchmarks/262/onto.rdf#zajdhqs,c,FF,0.0,0.0,0.0,0.0,0.0,0.0,0.0,0.0,0.0,0.0,0.0,0.0,0.0,0.0,0.0,0.0,0.0,0.0,0.12004059553146362
http://oaei.ontologymatching.org/2011/benchmarks/101/onto.rdf#Institution,=,http://oaei.ontologymatching.org/2011/benchmarks/262/onto.rdf#izxnquo,c,LF,0.0,0.0,0.0,0.0,0.0,0.0,0.0,0.0,0.050000000000000044,0.0,0.0,0.0,0.0,0.0,0.0,0.0,0.0,0.0,0.0
http://oaei.ontologymatching.org/2011/benchmarks/101/onto.rdf#TechReport,=,http://oaei.ontologymatching.org/2011/benchmarks/262/onto.rdf#dzqndbzq,c,LF,0.0,0.0,0.0,0.0,0.0,0.0,0.0,0.0,0.0,0.0,0.0,0.5,0.0,0.0,0.0,0.0,0.0,0.0,0.0
http://oaei.ontologymatching.org/2011/benchmarks/101/onto.rdf#Deliverable,=,http://oaei.ontologymatching.org/2011/benchmarks/262/onto.rdf#dcsqdsq,c,LF,0.0,0.0,0.0,0.0,0.0,0.0,0.0,0.0,0.050000000000000044,0.0,0.0,0.0,0.0,0.0,0.0,0.0,0.0,0.0,0.0
http://oaei.ontologymatching.org/2011/benchmarks/101/onto.rdf#Misc,=,http://oaei.ontologymatching.org/2011/benchmarks/262/onto.rdf#scds,c,FF,0.0,0.0,0.0,0.0,0.241112655646351,0.0,0.0,0.0,0.0,0.0,0.0,0.0,0.0,0.0,0.0,0.0,0.0,0.0,0.0
http://oaei.ontologymatching.org/2011/benchmarks/101/onto.rdf#Date,=,http://oaei.ontologymatching.org/2011/benchmarks/262/onto.rdf#dscdscg,c,LF,0.0,0.0,0.0,0.0,0.0,0.0,0.0,0.0,0.050000000000000044,0.0,0.0,0.0,0.0,0.0,0.0,0.0,0.0,0.0,0.0
http://oaei.ontologymatching.org/2011/benchmarks/101/onto.rdf#MotionPicture,=,http://oaei.ontologymatching.org/2011/benchmarks/262/onto.rdf#scds,c,LF,0.0,0.0,0.0,0.0,0.010538122920451247,0.0,0.05555555555555555,0.0,0.0,0.0,0.0,0.0,0.0,0.0,0.0,0.0,0.0,0.0,0.0
http://oaei.ontologymatching.org/2011/benchmarks/101/onto.rdf#Date,=,http://oaei.ontologymatching.org/2011/benchmarks/262/onto.rdf#dscdscg,c,FF,0.0,0.0,0.0,0.0,0.0,0.0,0.0,0.0,0.050000000000000044,0.0,0.0,0.0,0.0,0.0,0.0,0.0,0.0,0.0,0.0
http://oaei.ontologymatching.org/2011/benchmarks/101/onto.rdf#Date,=,http://oaei.ontologymatching.org/2011/benchmarks/262/onto.rdf#scds,c,FF,0.0,0.0,0.0,0.0,0.0,0.0,0.08333333333333333,0.0,0.0,0.0,0.0,0.0,0.0,0.0,0.0,0.0,0.0,0.0,0.0
http://oaei.ontologymatching.org/2011/benchmarks/101/onto.rdf#School,=,http://oaei.ontologymatching.org/2011/benchmarks/262/onto.rdf#sqdsopq,c,FF,0.0,0.0,0.0,0.0,0.0,0.0,0.0,0.0,0.050000000000000044,0.0,0.0,0.0,0.0,0.0,0.0,0.0,0.0,0.0,0.0
http://oaei.ontologymatching.org/2011/benchmarks/101/onto.rdf#Part,=,http://oaei.ontologymatching.org/2011/benchmarks/262/onto.rdf#scds,c,FF,0.0,0.0,0.0,0.0,0.0,0.0,0.1,0.0,0.0,0.0,0.0,0.0,0.0,0.0,0.0,0.0,0.0,0.0,0.0
http://oaei.ontologymatching.org/2011/benchmarks/101/onto.rdf#Report,=,http://oaei.ontologymatching.org/2011/benchmarks/262/onto.rdf#dzqndbzq,c,LF,0.0,0.0,0.0,0.0,0.0,0.0,0.0,0.0,0.0,0.0,0.0,1.0,0.0,0.0,0.0,0.0,0.0,0.0,0.0
http://oaei.ontologymatching.org/2011/benchmarks/101/onto.rdf#Deliverable,=,http://oaei.ontologymatching.org/2011/benchmarks/262/onto.rdf#dsqdbz,c,LF,0.0,0.0,0.0,0.0,0.0,0.0,0.0,0.0,0.050000000000000044,0.0,0.0,0.0,0.0,0.0,0.0,0.0,0.0,0.0,0.0
http://oaei.ontologymatching.org/2011/benchmarks/101/onto.rdf#Academic,=,http://oaei.ontologymatching.org/2011/benchmarks/262/onto.rdf#azzauhuie,c,LF,0.0,0.0,0.0,0.0,0.0,0.0,0.0,0.0,0.050000000000000044,0.0,0.0,0.0,0.0,0.0,0.0,0.0,0.0,0.0,0.0
http://oaei.ontologymatching.org/2011/benchmarks/101/onto.rdf#Manual,=,http://oaei.ontologymatching.org/2011/benchmarks/262/onto.rdf#scds,c,FF,0.0,0.0,0.0,0.0,0.11610374726886212,0.0,0.047619047619047616,0.0,0.0,0.0,0.0,0.0,0.0,0.0,0.0,0.0,0.0,0.0,0.0
http://oaei.ontologymatching.org/2011/benchmarks/101/onto.rdf#Report,=,http://oaei.ontologymatching.org/2011/benchmarks/262/onto.rdf#scds,c,FF,0.0,0.0,0.0,0.0,0.06344181699107708,0.0,0.09090909090909091,0.0,0.0,0.0,0.0,0.0,0.0,0.0,0.0,0.0,0.0,0.0,0.0
http://oaei.ontologymatching.org/2011/benchmarks/101/onto.rdf#LectureNotes,=,http://oaei.ontologymatching.org/2011/benchmarks/262/onto.rdf#scds,c,LF,0.0,0.0,0.0,0.0,0.09874849733279538,0.0,0.041666666666666664,0.0,0.0,0.0,0.0,0.0,0.0,0.0,0.0,0.0,0.0,0.0,0.0
http://oaei.ontologymatching.org/2011/benchmarks/101/onto.rdf#Deliverable,=,http://oaei.ontologymatching.org/2011/benchmarks/262/onto.rdf#dzajndsq,c,LF,0.0,0.0,0.0,0.0,0.0,0.0,0.0,0.0,0.050000000000000044,0.0,0.0,0.0,0.0,0.0,0.0,0.0,0.0,0.0,0.0
http://oaei.ontologymatching.org/2011/benchmarks/101/onto.rdf#Deliverable,=,http://oaei.ontologymatching.org/2011/benchmarks/262/onto.rdf#dzqndbzq,c,LF,0.0,0.0,0.0,0.0,0.0,0.0,0.0,0.0,0.050000000000000044,0.0,0.0,0.0,0.0,0.0,0.0,0.0,0.0,0.0,0.0
http://oaei.ontologymatching.org/2011/benchmarks/101/onto.rdf#PhdThesis,=,http://oaei.ontologymatching.org/2011/benchmarks/262/onto.rdf#scds,c,LF,0.0,0.0,0.0,0.0,0.13549817522784469,0.0,0.08333333333333333,0.0,0.0,0.0,0.0,0.0,0.0,0.0,0.0,0.0,0.0,0.0,0.0
http://oaei.ontologymatching.org/2011/benchmarks/101/onto.rdf#Address,=,http://oaei.ontologymatching.org/2011/benchmarks/262/onto.rdf#azzauhuie,c,FF,0.0,0.0,0.0,0.0,0.0,0.0,0.0,0.0,0.050000000000000044,0.0,0.0,0.0,0.0,0.0,0.0,0.0,0.0,0.0,0.0
http://oaei.ontologymatching.org/2011/benchmarks/101/onto.rdf#MastersThesis,=,http://oaei.ontologymatching.org/2011/benchmarks/262/onto.rdf#scds,c,FF,0.0,0.0,0.0,0.0,0.03250452666264565,0.0,0.027777777777777776,0.0,0.0,0.0,0.0,0.0,0.0,0.0,0.0,0.0,0.0,0.0,0.0
http://oaei.ontologymatching.org/2011/benchmarks/101/onto.rdf#Date,=,http://oaei.ontologymatching.org/2011/benchmarks/262/onto.rdf#dzshyuua,c,FF,0.0,0.0,0.0,0.0,0.0,0.0,0.0,0.0,0.050000000000000044,0.0,0.0,0.0,0.0,0.0,0.0,0.0,0.0,0.0,0.0
http://oaei.ontologymatching.org/2011/benchmarks/101/onto.rdf#Date,=,http://oaei.ontologymatching.org/2011/benchmarks/262/onto.rdf#dzshyuua,c,LF,0.0,0.0,0.0,0.0,0.0,0.0,0.0,0.0,0.050000000000000044,0.0,0.0,0.0,0.0,0.0,0.0,0.0,0.0,0.0,0.0
http://oaei.ontologymatching.org/2011/benchmarks/101/onto.rdf#Date,=,http://oaei.ontologymatching.org/2011/benchmarks/262/onto.rdf#deqdxcsqcsq,c,FF,0.0,0.0,0.0,0.0,0.0,0.0,0.0,0.0,0.050000000000000044,0.0,0.0,0.0,0.0,0.0,0.0,0.0,0.0,0.0,0.0
http://oaei.ontologymatching.org/2011/benchmarks/101/onto.rdf#Deliverable,=,http://oaei.ontologymatching.org/2011/benchmarks/262/onto.rdf#dsqdbz,c,FF,0.0,0.0,0.0,0.0,0.0,0.0,0.0,0.0,0.050000000000000044,0.0,0.0,0.0,0.0,0.0,0.0,0.0,0.0,0.0,0.0
http://oaei.ontologymatching.org/2011/benchmarks/101/onto.rdf#Booklet,=,http://oaei.ontologymatching.org/2011/benchmarks/262/onto.rdf#scds,c,LF,0.0,0.0,0.0,0.0,0.05053262748337161,0.0,0.05263157894736842,0.0,0.0,0.0,0.0,0.0,0.0,0.0,0.0,0.0,0.0,0.0,0.0
http://oaei.ontologymatching.org/2011/benchmarks/101/onto.rdf#Article,=,http://oaei.ontologymatching.org/2011/benchmarks/262/onto.rdf#scds,c,LF,0.0,0.0,0.0,0.0,0.057629067072185625,0.0,0.0,0.0,0.0,0.0,0.0,0.0,0.0,0.0,0.0,0.0,0.0,0.0,0.0
http://oaei.ontologymatching.org/2011/benchmarks/101/onto.rdf#School,=,http://oaei.ontologymatching.org/2011/benchmarks/262/onto.rdf#sqdsq,c,FF,0.0,0.0,0.0,0.0,0.0,0.0,0.0,0.0,0.050000000000000044,0.0,0.0,0.0,0.0,0.0,0.0,0.0,0.0,0.0,0.0
http://oaei.ontologymatching.org/2011/benchmarks/101/onto.rdf#TechReport,=,http://oaei.ontologymatching.org/2011/benchmarks/262/onto.rdf#dzqndbzq,c,FF,0.0,0.0,0.0,0.0,0.0,0.0,0.0,0.0,0.0,0.0,0.0,0.5,0.0,0.0,0.0,0.0,0.0,0.0,0.0
http://oaei.ontologymatching.org/2011/benchmarks/101/onto.rdf#PageRange,=,http://oaei.ontologymatching.org/2011/benchmarks/262/onto.rdf#scds,c,FF,0.0,0.0,0.0,0.0,0.04895338922512976,0.0,0.029411764705882353,0.0,0.0,0.0,0.0,0.0,0.0,0.0,0.0,0.0,0.0,0.0,0.0
http://oaei.ontologymatching.org/2011/benchmarks/101/onto.rdf#Monograph,=,http://oaei.ontologymatching.org/2011/benchmarks/262/onto.rdf#scds,c,FF,0.0,0.0,0.0,0.0,0.11346537767147621,0.0,0.09090909090909091,0.0,0.0,0.0,0.0,0.0,0.0,0.0,0.0,0.0,0.0,0.0,0.0
http://oaei.ontologymatching.org/2011/benchmarks/101/onto.rdf#LectureNotes,=,http://oaei.ontologymatching.org/2011/benchmarks/262/onto.rdf#scds,c,FF,0.0,0.0,0.0,0.0,0.09874849733279538,0.0,0.041666666666666664,0.0,0.0,0.0,0.0,0.0,0.0,0.0,0.0,0.0,0.0,0.0,0.0
http://oaei.ontologymatching.org/2011/benchmarks/101/onto.rdf#PageRange,=,http://oaei.ontologymatching.org/2011/benchmarks/262/onto.rdf#scds,c,LF,0.0,0.0,0.0,0.0,0.04895338922512976,0.0,0.029411764705882353,0.0,0.0,0.0,0.0,0.0,0.0,0.0,0.0,0.0,0.0,0.0,0.0
http://oaei.ontologymatching.org/2011/benchmarks/101/onto.rdf#Deliverable,=,http://oaei.ontologymatching.org/2011/benchmarks/262/onto.rdf#dnqsb,c,LF,0.0,0.0,0.0,0.0,0.0,0.0,0.0,0.0,0.050000000000000044,0.0,0.0,0.0,0.0,0.0,0.0,0.0,0.0,0.0,0.0
http://oaei.ontologymatching.org/2011/benchmarks/101/onto.rdf#TechReport,=,http://oaei.ontologymatching.org/2011/benchmarks/262/onto.rdf#scds,c,LF,0.0,0.0,0.0,0.0,0.06649265805083801,0.0,0.0787878787878788,0.0,0.0,0.0,0.0,0.0,0.0,0.0,0.0,0.0,0.0,0.0,0.0
http://oaei.ontologymatching.org/2011/benchmarks/101/onto.rdf#Deliverable,=,http://oaei.ontologymatching.org/2011/benchmarks/262/onto.rdf#scds,c,FF,0.0,0.0,0.0,0.0,0.19510725105603444,0.0,0.0,0.0,0.0,0.0,0.0,0.0,0.0,0.0,0.0,0.0,0.0,0.0,0.0
http://oaei.ontologymatching.org/2011/benchmarks/101/onto.rdf#Deliverable,=,http://oaei.ontologymatching.org/2011/benchmarks/262/onto.rdf#dcsqdsq,c,FF,0.0,0.0,0.0,0.0,0.0,0.0,0.0,0.0,0.050000000000000044,0.0,0.0,0.0,0.0,0.0,0.0,0.0,0.0,0.0,0.0
http://oaei.ontologymatching.org/2011/benchmarks/101/onto.rdf#Institution,=,http://oaei.ontologymatching.org/2011/benchmarks/262/onto.rdf#izxnquo,c,FF,0.0,0.0,0.0,0.0,0.0,0.0,0.0,0.0,0.050000000000000044,0.0,0.0,0.0,0.0,0.0,0.0,0.0,0.0,0.0,0.0
http://oaei.ontologymatching.org/2011/benchmarks/101/onto.rdf#Address,=,http://oaei.ontologymatching.org/2011/benchmarks/262/onto.rdf#azzauhuie,c,LF,0.0,0.0,0.0,0.0,0.0,0.0,0.0,0.0,0.050000000000000044,0.0,0.0,0.0,0.0,0.0,0.0,0.0,0.0,0.0,0.0
http://oaei.ontologymatching.org/2011/benchmarks/101/onto.rdf#Manual,=,http://oaei.ontologymatching.org/2011/benchmarks/262/onto.rdf#scds,c,LF,0.0,0.0,0.0,0.0,0.11610374726886212,0.0,0.047619047619047616,0.0,0.0,0.0,0.0,0.0,0.0,0.0,0.0,0.0,0.0,0.0,0.0
http://oaei.ontologymatching.org/2011/benchmarks/101/onto.rdf#Date,=,http://oaei.ontologymatching.org/2011/benchmarks/262/onto.rdf#dcsqdcsqd,c,LF,0.0,0.0,0.0,0.0,0.0,0.0,0.0,0.0,0.050000000000000044,0.0,0.0,0.0,0.0,0.0,0.0,0.0,0.0,0.0,0.0
http://oaei.ontologymatching.org/2011/benchmarks/101/onto.rdf#Article,=,http://oaei.ontologymatching.org/2011/benchmarks/262/onto.rdf#azzauhuie,c,FF,0.0,0.0,0.0,0.0,0.0,0.0,0.0,0.0,0.050000000000000044,0.0,0.0,0.0,0.0,0.0,0.0,0.0,0.0,0.0,0.0
http://oaei.ontologymatching.org/2011/benchmarks/101/onto.rdf#Deliverable,=,http://oaei.ontologymatching.org/2011/benchmarks/262/onto.rdf#deqdxcsqcsq,c,FF,0.0,0.0,0.0,0.0,0.0,0.0,0.0,0.0,0.09999999999999998,0.0,0.0,0.0,0.0,0.0,0.0,0.0,0.0,0.0,0.0
http://oaei.ontologymatching.org/2011/benchmarks/101/onto.rdf#School,=,http://oaei.ontologymatching.org/2011/benchmarks/262/onto.rdf#sdcsqhyz,c,LF,0.0,0.0,0.0,0.0,0.0,0.0,0.0,0.0,0.050000000000000044,0.0,0.0,0.0,0.0,0.0,0.0,0.0,0.0,0.0,0.0
http://oaei.ontologymatching.org/2011/benchmarks/101/onto.rdf#Publisher,=,http://oaei.ontologymatching.org/2011/benchmarks/262/onto.rdf#scds,c,LF,0.0,0.0,0.0,0.0,0.051695374457794645,0.0,0.0,0.0,0.0,0.0,0.0,0.0,0.0,0.0,0.0,0.0,0.0,0.0,0.0
http://oaei.ontologymatching.org/2011/benchmarks/101/onto.rdf#Date,=,http://oaei.ontologymatching.org/2011/benchmarks/262/onto.rdf#dzajndsq,c,LF,0.0,0.0,0.0,0.0,0.0,0.0,0.0,0.0,0.050000000000000044,0.0,0.0,0.0,0.0,0.0,0.0,0.0,0.0,0.0,0.0
http://oaei.ontologymatching.org/2011/benchmarks/101/onto.rdf#Date,=,http://oaei.ontologymatching.org/2011/benchmarks/262/onto.rdf#dsqdbz,c,FF,0.0,0.0,0.0,0.0,0.0,0.0,0.0,0.0,0.050000000000000044,0.0,0.0,0.0,0.0,0.0,0.0,0.0,0.0,0.0,0.0
http://oaei.ontologymatching.org/2011/benchmarks/101/onto.rdf#Article,=,http://oaei.ontologymatching.org/2011/benchmarks/262/onto.rdf#scds,c,FF,0.0,0.0,0.0,0.0,0.057629067072185625,0.0,0.0,0.0,0.0,0.0,0.0,0.0,0.0,0.0,0.0,0.0,0.0,0.0,0.0
http://oaei.ontologymatching.org/2011/benchmarks/101/onto.rdf#InProceedings,=,http://oaei.ontologymatching.org/2011/benchmarks/262/onto.rdf#izxnquo,c,LF,0.0,0.0,0.0,0.0,0.0,0.0,0.0,0.0,0.050000000000000044,0.0,0.0,0.0,0.0,0.0,0.0,0.0,0.0,0.0,0.0
http://oaei.ontologymatching.org/2011/benchmarks/101/onto.rdf#Deliverable,=,http://oaei.ontologymatching.org/2011/benchmarks/262/onto.rdf#dzshyuua,c,FF,0.0,0.0,0.0,0.0,0.0,0.0,0.0,0.0,0.050000000000000044,0.0,0.0,0.0,0.0,0.0,0.0,0.0,0.0,0.0,0.0
http://oaei.ontologymatching.org/2011/benchmarks/101/onto.rdf#Deliverable,=,http://oaei.ontologymatching.org/2011/benchmarks/262/onto.rdf#dqzdxdcsqj,c,FF,0.0,0.0,0.0,0.0,0.0,0.0,0.0,0.0,0.050000000000000044,0.0,0.0,0.0,0.0,0.0,0.0,0.0,0.0,0.0,0.0
http://oaei.ontologymatching.org/2011/benchmarks/101/onto.rdf#Deliverable,=,http://oaei.ontologymatching.org/2011/benchmarks/262/onto.rdf#dcsqdcsqd,c,FF,0.0,0.0,0.0,0.0,0.0,0.0,0.0,0.0,0.050000000000000044,0.0,0.0,0.0,0.0,0.0,0.0,0.0,0.0,0.0,0.0
http://oaei.ontologymatching.org/2011/benchmarks/101/onto.rdf#School,=,http://oaei.ontologymatching.org/2011/benchmarks/262/onto.rdf#sqdsq,c,LF,0.0,0.0,0.0,0.0,0.0,0.0,0.0,0.0,0.050000000000000044,0.0,0.0,0.0,0.0,0.0,0.0,0.0,0.0,0.0,0.0
http://oaei.ontologymatching.org/2011/benchmarks/101/onto.rdf#Address,=,http://oaei.ontologymatching.org/2011/benchmarks/262/onto.rdf#scds,c,LF,0.0,0.0,0.0,0.0,0.020087393079282496,0.0,0.08333333333333333,0.0,0.0,0.0,0.0,0.0,0.0,0.0,0.0,0.0,0.0,0.0,0.0
http://oaei.ontologymatching.org/2011/benchmarks/101/onto.rdf#TechReport,=,http://oaei.ontologymatching.org/2011/benchmarks/262/onto.rdf#scds,c,FF,0.0,0.0,0.0,0.0,0.06649265805083801,0.0,0.0787878787878788,0.0,0.0,0.0,0.0,0.0,0.0,0.0,0.0,0.0,0.0,0.0,0.0
http://oaei.ontologymatching.org/2011/benchmarks/101/onto.rdf#Booklet,=,http://oaei.ontologymatching.org/2011/benchmarks/262/onto.rdf#scds,c,FF,0.0,0.0,0.0,0.0,0.05053262748337161,0.0,0.05263157894736842,0.0,0.0,0.0,0.0,0.0,0.0,0.0,0.0,0.0,0.0,0.0,0.0
http://oaei.ontologymatching.org/2011/benchmarks/101/onto.rdf#Journal,=,http://oaei.ontologymatching.org/2011/benchmarks/262/onto.rdf#scds,c,FF,0.0,0.0,0.0,0.0,0.05639358977675769,0.0,0.1,0.0,0.0,0.0,0.0,0.0,0.0,0.0,0.0,0.0,0.0,0.0,0.0
http://oaei.ontologymatching.org/2011/benchmarks/101/onto.rdf#Address,=,http://oaei.ontologymatching.org/2011/benchmarks/262/onto.rdf#scds,c,FF,0.0,0.0,0.0,0.0,0.020087393079282496,0.0,0.08333333333333333,0.0,0.0,0.0,0.0,0.0,0.0,0.0,0.0,0.0,0.0,0.0,0.0
http://oaei.ontologymatching.org/2011/benchmarks/101/onto.rdf#Date,=,http://oaei.ontologymatching.org/2011/benchmarks/262/onto.rdf#dzqndbzq,c,FF,0.0,0.0,0.0,0.0,0.0,0.0,0.0,0.0,0.050000000000000044,0.0,0.0,0.0,0.0,0.0,0.0,0.0,0.0,0.0,0.0
http://oaei.ontologymatching.org/2011/benchmarks/101/onto.rdf#Date,=,http://oaei.ontologymatching.org/2011/benchmarks/262/onto.rdf#dnqsb,c,FF,0.0,0.0,0.0,0.0,0.0,0.0,0.0,0.0,0.050000000000000044,0.0,0.0,0.0,0.0,0.0,0.0,0.0,0.0,0.0,0.0
http://oaei.ontologymatching.org/2011/benchmarks/101/onto.rdf#Deliverable,=,http://oaei.ontologymatching.org/2011/benchmarks/262/onto.rdf#dzshyuua,c,LF,0.0,0.0,0.0,0.0,0.0,0.0,0.0,0.0,0.050000000000000044,0.0,0.0,0.0,0.0,0.0,0.0,0.0,0.0,0.0,0.0
