left,relation,right,levenshteinDistanceuri_fragment_matcher,ngramDistanceuri_fragment_matcher,jaroMeasureuri_fragment_matcher,subStringDistanceuri_fragment_matcher,needlemanWunsch2Distanceuri_fragment_matcher,jaroWinklerMeasureuri_fragment_matcher,equalDistanceuri_fragment_matcher,smoaDistanceuri_fragment_matcher,hammingDistanceuri_fragment_matcher
http://iasted#Student_lecturer,=,http://sigkdd#Best_Student_Paper_Supporter,0.4642857142857143,,,,0.32499999999999996,,,,
http://iasted#Student_lecturer,=,http://sigkdd#Best_Student_Paper_Award,,0.33333333333333326,,0.4,,,,,
http://iasted#Presenter_university,=,http://sigkdd#Registration_Student,,,0.5892156862745098,,,0.35352941176470587,,,
http://iasted#is_given_to,=,http://sigkdd#presentation,,,,,,,,0.3842364532019704,
http://iasted#obtain,=,http://sigkdd#obtain,1.0,1.0,1.0,1.0,1.0,0.6,1.0,1.0,1.0
http://iasted#Form,=,http://sigkdd#Author,,,,0.4,,,,,
http://iasted#Speaker,=,http://sigkdd#Speaker,1.0,1.0,1.0,1.0,1.0,0.6,1.0,1.0,1.0
http://iasted#Submissions_deadline,=,http://sigkdd#Deadline,0.4,,,0.5714285714285714,0.25,,,,
http://iasted#Card,=,http://sigkdd#Paper,,,,,,,,,0.19999999999999996
http://iasted#Hotel_registration_form,=,http://sigkdd#Registration_fee,0.6086956521739131,0.6857142857142857,,0.717948717948718,0.4666666666666667,,,0.8287748136171742,
http://iasted#speak_in,=,http://sigkdd#submit,,,,,,,,,0.125
http://iasted#write,=,http://sigkdd#Price,0.6,,0.7333333333333334,,0.6,0.44000000000000006,,,0.6
http://iasted#Item,=,http://sigkdd#Invited_Speaker,,0.1333333333333333,,,,,,0.5950381679389313,
http://iasted#City,=,http://sigkdd#Listener,,,0.5833333333333334,,,0.3500000000000001,,,
http://iasted#Session_room,=,http://sigkdd#Registration_Non-Member,0.34782608695652173,,,,,,,,
http://iasted#Activity_after_conference,=,http://sigkdd#Author_of_paper_student,,,0.5314653784219002,,,0.3188792270531402,,,
http://iasted#Final_manuscript,=,http://sigkdd#Organizing_Committee,,,,,0.20833333333333337,,,,0.15000000000000002
http://iasted#Introduction_of_speaker,=,http://sigkdd#Speaker,,0.3846153846153846,,0.4666666666666667,,,,0.75,
http://iasted#Nonmember_registration_fee,=,http://sigkdd#Registration_SIGMOD_Member,,,0.5914158305462653,,,0.35484949832775925,,,
http://iasted#Worker_non_speaker,=,http://sigkdd#Registration_SIGKDD_Member,,,0.6292226292226292,,,0.3775335775335775,,,
http://iasted#is_needed_for,=,http://sigkdd#searched_by,,,,,0.2666666666666667,,,,
http://iasted#Simulating,=,http://sigkdd#Deadline,,,,,0.25,,,,
http://iasted#Simulating,=,http://sigkdd#Platinum_Supporter,,0.25,,0.3571428571428572,,,,0.4976851851851851,
http://iasted#Overhead_projector,=,http://sigkdd#Bronze_Supporter,,,,,0.25,,,,
http://iasted#Non_speaker,=,http://sigkdd#Invited_Speaker,,,0.8252525252525252,,0.4736842105263158,0.4951515151515151,,,
http://iasted#Trip_city,=,http://sigkdd#Main_office,,,,,0.23076923076923073,,,,0.18181818181818177
http://iasted#Departure_tax,=,http://sigkdd#Conference_hall,,,,,0.23529411764705888,,,,
http://iasted#Welcome_address,=,http://sigkdd#Committee,,0.09999999999999998,,0.25,,,,,
http://iasted#Student_registration_fee,=,http://sigkdd#Registration_Student,,0.8,0.6392857142857142,,,0.38357142857142856,,0.9634146341463414,
http://iasted#Main_office,=,http://sigkdd#Main_office,1.0,1.0,1.0,1.0,1.0,0.6,1.0,1.0,1.0
http://iasted#is_paid_with,=,http://sigkdd#awarded_by,,,,,,,,,0.16666666666666663
http://iasted#Tax,=,http://sigkdd#Abstract,0.25,,,,0.15384615384615385,,,,
http://iasted#Receiving_manuscript,=,http://sigkdd#Best_Paper_Awards_Committee,0.2592592592592593,,,,0.20588235294117652,,,,
http://iasted#Presenter_university,=,http://sigkdd#Person,,,,0.23076923076923084,,,,,
http://iasted#Plenary_lecture,=,http://sigkdd#General_Chair,,,,,0.2941176470588235,,,,
http://iasted#Refusing_manuscript,=,http://sigkdd#Registration_Student,0.30000000000000004,,0.6146616541353384,,0.2857142857142857,0.368796992481203,,,0.25
http://iasted#PowerPoint_presentation,=,http://sigkdd#Deadline_Author_notification,0.3214285714285714,,,,,,,,
http://iasted#Audiovisual_equipment,=,http://sigkdd#Document,0.33333333333333337,0.16000000000000003,,0.27586206896551724,,,,0.43452380952380953,
http://iasted#Technical_commitee,=,http://sigkdd#Organizing_Committee,0.55,,,,0.5,,,,
http://iasted#Tutorial_speaker,=,http://sigkdd#Speaker,,0.5263157894736842,,0.6086956521739131,,,,0.8181818181818181,
http://iasted#is_designed_for,=,http://sigkdd#holded_by,,,,,,,,,0.1333333333333333
http://iasted#Student_non_speaker,=,http://sigkdd#Invited_Speaker,0.4736842105263158,,,,0.3913043478260869,,,,
http://iasted#Memeber_registration_fee,=,http://sigkdd#General_Chair,,,,,,,,,0.16666666666666663
http://iasted#Sponsor_city,=,http://sigkdd#Sponzor_fee,0.5833333333333333,0.3157894736842105,,,0.5384615384615384,,,,0.5833333333333333
http://iasted#is_paid_in,=,http://sigkdd#awarded_by,,,,,,,,,0.19999999999999996
http://iasted#Submissions_deadline,=,http://sigkdd#Webmaster,,,,,,,,,0.15000000000000002
http://iasted#Author_attendee_cd_registration_fee,=,http://sigkdd#Author_of_paper_student,,,,,,,,,0.2857142857142857
http://iasted#Session,=,http://sigkdd#Person,0.5714285714285714,,,,0.5,,,,0.2857142857142857
http://iasted#Nonauthor_registration_fee,=,http://sigkdd#Registration_SIGMOD_Member,,,0.5785953177257525,,,0.3471571906354515,,,
http://iasted#Record_of_attendance,=,http://sigkdd#Author_of_paper_student,,,0.6860507246376812,,,0.41163043478260875,,,
http://iasted#Book_proceeding,=,http://sigkdd#Sponzor_fee,,,,,,,,,0.2666666666666667
http://iasted#Receiving_manuscript,=,http://sigkdd#Organizing_Committee,,0.11111111111111116,,0.19999999999999996,,,,0.22080523076016856,
http://iasted#Presenter_university,=,http://sigkdd#Listener,0.30000000000000004,,,,,,,,
http://iasted#Invitation_letter,=,http://sigkdd#Invited_Speaker,,,0.5964052287581699,,0.42105263157894735,0.357843137254902,,0.5686915887850468,0.2941176470588235
http://iasted#Video_cassette_player,=,http://sigkdd#Program_Committee_member,,,,,0.2962962962962963,,,,
http://iasted#Sponsor_state,=,http://sigkdd#Sponzor,,,0.7728937728937728,0.4,,0.46373626373626364,,0.6716766142159523,
http://iasted#Payment_document,=,http://sigkdd#Document,0.5,0.8,,0.6666666666666666,0.33333333333333337,,,0.8478260869565217,
http://iasted#is_writen_by,=,http://sigkdd#payed_by,,0.125,,0.30000000000000004,,,,,
http://iasted#One_day_presenter,=,http://sigkdd#Conference,,,0.6509803921568628,,,0.3905882352941177,,,
http://iasted#is_designed_for,=,http://sigkdd#design,,,,,,,,0.8157894736842105,
http://iasted#Van,=,http://sigkdd#Organizator,,,,0.2857142857142857,,,,,
http://iasted#Bank_transfer,=,http://sigkdd#Main_office,,,0.6134421134421135,,,0.36806526806526807,,,
http://iasted#Nonauthor_registration_fee,=,http://sigkdd#Registration_fee,0.6153846153846154,0.7368421052631579,,0.7619047619047619,0.4444444444444444,,,0.8846153846153846,
http://iasted#Building,=,http://sigkdd#Organizing_Committee,,0.08333333333333337,,,,,,0.3415693321353699,
http://iasted#is_paid_for,=,http://sigkdd#searched_by,,,0.5757575757575758,,,0.34545454545454546,,,
http://iasted#Coffee_break,=,http://sigkdd#Conference,0.41666666666666663,,0.6222222222222222,,0.3571428571428571,0.3733333333333333,,,0.41666666666666663
http://iasted#Transport_vehicle,=,http://sigkdd#Program_Committee,,,,,,,,,0.11764705882352944
http://iasted#is_occupied_by,=,http://sigkdd#payed_by,,0.33333333333333326,,0.4545454545454546,,,,0.5558871405317417,
http://iasted#Presenter_city,=,http://sigkdd#Document,,,,0.2727272727272727,,,,0.3938531587933978,
http://iasted#Author_attendee_book_registration_fee,=,http://sigkdd#Author_of_paper_student,,,,,,,,,0.2432432432432432
http://iasted#Student_lecturer,=,http://sigkdd#Silver_Supporter,,,,,,,,,0.25
http://iasted#is_used_for,=,http://sigkdd#designed_by,,,0.5858585858585857,,,0.35151515151515145,,,
http://iasted#One_day_presenter,=,http://sigkdd#Document,,,,0.24,,,,0.372702823845809,
http://iasted#Final_manuscript,=,http://sigkdd#Fee,,,,,,,,0.050000000000000044,
http://iasted#Social_program,=,http://sigkdd#Gold_Supporter,,,,,,,,,0.2142857142857143
http://iasted#Publication,=,http://sigkdd#Registration_fee,0.3125,,,,0.23809523809523814,,,,
http://iasted#occupy,=,http://sigkdd#hold,,,0.4722222222222221,,,0.2833333333333332,,,
http://iasted#Session_chair,=,http://sigkdd#Program_Chair,,0.36363636363636365,,0.46153846153846156,,,,0.525497512437811,
http://iasted#is_paid_for,=,http://sigkdd#payed_by,0.2727272727272727,,,,,,,,
http://iasted#is_prepared_by,=,http://sigkdd#presentationed_by,,,,,,,,0.6194895591647331,
http://iasted#Memeber_registration_fee,=,http://sigkdd#Registration_SIGMOD_Member,,,0.6303418803418803,,,0.3782051282051282,,,
http://iasted#is_sent_before,=,http://sigkdd#presentation,0.3571428571428571,0.18181818181818188,0.626984126984127,0.3076923076923077,0.3125,0.3761904761904762,,0.43410852713178294,0.2857142857142857
http://iasted#Presenter_city,=,http://sigkdd#Abstract,0.3571428571428571,,,,0.25,,,,
http://iasted#Activity_before_conference,=,http://sigkdd#Conference,0.3846153846153846,0.5,,0.5555555555555556,0.23809523809523814,,,0.7941176470588236,
http://iasted#is_sent_by,=,http://sigkdd#holded_by,,,,,0.36363636363636365,,,,
http://iasted#Worker_lecturer,=,http://sigkdd#Author_of_paper,,,,,,,,,0.2666666666666667
http://iasted#Invitation_letter,=,http://sigkdd#Registration_fee,,0.27586206896551724,,0.36363636363636365,,,,,
http://iasted#is_used_by,=,http://sigkdd#awarded_by,,,,,0.5,,,,0.5
http://iasted#Departure,=,http://sigkdd#Deadline_Paper_Submission,,,,,,,,0.380014749262537,
http://iasted#Student_registration_fee,=,http://sigkdd#Registration_fee,0.6666666666666667,,,0.8,0.5,,,,
http://iasted#IASTED_non_member,=,http://sigkdd#Registration_Non-Member,0.5217391304347826,0.38888888888888884,,,0.4137931034482759,,,0.6121948561464691,
http://iasted#Initial_manuscipt,=,http://sigkdd#Best_Paper_Awards_Committee,0.2962962962962963,,,,0.21621621621621623,,,,
http://iasted#is_made_from,=,http://sigkdd#Name_of_sponsor,,,0.5694444444444444,,,0.3416666666666667,,,0.1333333333333333
http://iasted#is_occupied_by,=,http://sigkdd#searched_by,0.5,,,,0.4117647058823529,,,,0.0714285714285714
http://iasted#Session_room,=,http://sigkdd#Registration_fee,,,0.6237373737373737,0.2857142857142857,,0.37424242424242427,,,
http://iasted#Cd_proceening,=,http://sigkdd#Conference,,,0.5551282051282052,,,0.33307692307692305,,,
http://iasted#Publication,=,http://sigkdd#Webmaster,,,0.5353535353535354,,,0.3212121212121213,,,
http://iasted#Author_cd_proceedings_included,=,http://sigkdd#Author_of_paper_student,0.43333333333333335,,,,0.29729729729729726,,,,0.30000000000000004
http://iasted#IASTED_member,=,http://sigkdd#Registration_SIGMOD_Member,,0.34285714285714286,,0.41025641025641024,,,,0.5360986918363968,
http://iasted#Document,=,http://sigkdd#Document,1.0,1.0,1.0,1.0,1.0,0.6,1.0,1.0,1.0
http://iasted#is_signed_by,=,http://sigkdd#designed_by,0.75,0.7368421052631579,,0.782608695652174,0.6923076923076923,,,0.8731182795698925,
http://iasted#Research,=,http://sigkdd#General_Chair,0.3846153846153846,,,,0.2777777777777778,,,,
http://iasted#Author_information_form,=,http://sigkdd#Author,,,0.7536231884057972,0.4137931034482758,,0.4521739130434783,,0.8333333333333333,
http://iasted#Presenter_university,=,http://sigkdd#Silver_Supporter,,0.1875,,,0.20833333333333337,,,0.5250232723081697,
http://iasted#Conference_state,=,http://sigkdd#Conference,,0.7272727272727273,0.875,0.7692307692307693,,0.525,,0.94,
http://iasted#Credit_card,=,http://sigkdd#Award,,0.16666666666666663,,0.375,,,,0.5491379310344828,
http://iasted#Cd_proceening,=,http://sigkdd#Conference_hall,,,,,0.23529411764705888,,,,
http://iasted#is_present,=,http://sigkdd#Price,,,,,0.19999999999999996,,,,
http://iasted#One_day_presenter,=,http://sigkdd#Webmaster,0.3529411764705882,,,,,,,,
http://iasted#Submission,=,http://sigkdd#Document,,,0.5583333333333333,,,0.33499999999999996,,,
http://iasted#Sponsor_company_house,=,http://sigkdd#Sponzor,,,0.7142857142857143,0.2857142857142857,,0.4285714285714286,,0.61458257382428,
http://iasted#is_held_after,=,http://sigkdd#Date,0.3076923076923077,,,,,,,,
http://iasted#Record_of_attendance,=,http://sigkdd#Listener,,,,,,,,0.3482905982905983,
http://iasted#Plenary_lecture_speaker,=,http://sigkdd#Speaker,,0.3846153846153846,,0.4666666666666667,,,,0.75,
http://iasted#is_held_before,=,http://sigkdd#holded_by,0.2857142857142857,,,,0.21052631578947367,,,,
http://iasted#Introduction_of_speaker,=,http://sigkdd#Registration_Non-Member,,,,,,,,,0.34782608695652173
http://iasted#Plenary_lecture,=,http://sigkdd#Award,,,,0.19999999999999996,,,,,
http://iasted#is_prepared_by,=,http://sigkdd#awarded_by,,,,,,,,,0.0714285714285714
http://iasted#Delegate,=,http://sigkdd#Place,0.375,,,,,,,,
http://iasted#Activity_after_conference,=,http://sigkdd#Conference,0.4,0.5161290322580645,,0.5714285714285714,,,,0.803030303030303,
http://iasted#Cd_proceening,=,http://sigkdd#Program_Chair,,0.09090909090909094,,,,,,0.33653846153846145,
http://iasted#has_amount_of,=,http://sigkdd#award,,,0.517948717948718,,,0.3107692307692308,,,
http://iasted#Student_registration_fee,=,http://sigkdd#Silver_Supporter,,,,,,,,,0.125
http://iasted#Registation_deadline,=,http://sigkdd#Registration_Student,0.65,,0.7570175438596491,,0.55,0.4542105263157895,,,0.35
http://iasted#is_needed_for,=,http://sigkdd#holded_by,,0.2222222222222222,,0.36363636363636365,,,,0.42092791219755554,
http://iasted#Lecturer,=,http://sigkdd#Paper,,,,0.3076923076923077,,,,,
http://iasted#Activity,=,http://sigkdd#Exhibitor,0.33333333333333337,,,,0.30000000000000004,,,,0.33333333333333337
http://iasted#Credit_card,=,http://sigkdd#Program_Chair,,,,,0.2666666666666667,,,,
http://iasted#Technic_activity,=,http://sigkdd#General_Chair,,,,,0.21052631578947367,,,,0.1875
http://iasted#Double_hotel_room,=,http://sigkdd#Document,,,0.6397058823529412,,,0.3838235294117647,,,0.17647058823529416
http://iasted#Time,=,http://sigkdd#Listener,0.25,,0.5833333333333334,,,0.3500000000000001,,,
http://iasted#Mailing_list,=,http://sigkdd#Organizing_Committee,0.4,,,,,,,,
http://iasted#Renting,=,http://sigkdd#Review,0.4285714285714286,,0.6984126984126983,,0.375,0.4190476190476189,,,
http://iasted#Lecture,=,http://sigkdd#Listener,0.375,,0.6488095238095238,,0.33333333333333337,0.38928571428571423,,0.050000000000000044,0.375
http://iasted#Full_day_tour,=,http://sigkdd#Gold_Supporter,,,,,0.19999999999999996,,,,0.1428571428571429
http://iasted#Welcome_address,=,http://sigkdd#ACM_SIGKDD,,,0.611111111111111,,,0.3666666666666667,,,
http://iasted#is_signed_by,=,http://sigkdd#holded_by,,,0.6574074074074074,,,0.3944444444444445,,,
http://iasted#Conference_restaurant,=,http://sigkdd#Conference,,0.5925925925925926,0.810966810966811,0.6451612903225806,,0.48658008658008667,,0.9,
http://iasted#Final_manuscript,=,http://sigkdd#Platinum_Supporter,,,0.6070156695156695,,,0.36420940170940175,,,
http://iasted#is_visited_by,=,http://sigkdd#submit_until,,,,,,,,,0.07692307692307687
http://iasted#Transport_vehicle,=,http://sigkdd#Sponzor,,,0.5350140056022409,,,0.3210084033613445,,0.39058238408471047,
http://iasted#Student_lecturer,=,http://sigkdd#Registration_Student,,,,,,,,0.5250232723081697,
http://iasted#Cheque,=,http://sigkdd#Conference_hall,,,,,,,,0.050000000000000044,
http://iasted#prepare,=,http://sigkdd#Price,0.4285714285714286,,0.6761904761904761,,0.33333333333333337,0.4057142857142857,,,0.2857142857142857
http://iasted#Student_lecturer,=,http://sigkdd#Sponzor_fee,,,0.5890151515151515,,,0.3534090909090909,,,
http://iasted#Plenary_lecture_speaker,=,http://sigkdd#Invited_Speaker,0.4347826086956522,,,,0.32258064516129037,,,,
http://iasted#Money,=,http://sigkdd#Main_office,,,,,,,,0.050000000000000044,
http://iasted#Presenter_house,=,http://sigkdd#Registration_fee,,,0.655429292929293,,,0.3932575757575758,,,
http://iasted#LCD_projector,=,http://sigkdd#Abstract,,,0.5352564102564102,,,0.3211538461538461,,,
http://iasted#Video_presentation,=,http://sigkdd#Listener,,,,,,,,,0.11111111111111116
http://iasted#is_present,=,http://sigkdd#submit_until,,,,,,,,,0.16666666666666663
http://iasted#is_held_after,=,http://sigkdd#hold,,,,0.23529411764705888,,,,,
http://iasted#Departure_tax,=,http://sigkdd#Deadline,0.3076923076923077,,,,,,,,0.15384615384615385
http://iasted#Brief_introduction_for_Session_chair,=,http://sigkdd#Registration_fee,,0.25,,,,,,,
http://iasted#Student_non_speaker,=,http://sigkdd#Best_Student_Paper_Award,,,0.668343653250774,,,0.4010061919504644,,,
http://iasted#Conference_activity,=,http://sigkdd#Conference,,0.64,0.8293460925039873,0.6896551724137931,,0.4976076555023924,,0.9142857142857144,
http://iasted#Presenter_house,=,http://sigkdd#Best_Research_Paper_Award,,0.16666666666666663,,,,,,,
http://iasted#State,=,http://sigkdd#Place,,,,,0.4,,,,0.4
http://iasted#send,=,http://sigkdd#End_of_conference,,,0.6421568627450981,,,0.3852941176470588,,,
http://iasted#Record_of_attendance,=,http://sigkdd#Registration_fee,,,,,0.25,,,,
http://iasted#One_conference_day,=,http://sigkdd#Conference,,0.6666666666666666,0.5997150997150997,0.7142857142857143,,0.3598290598290599,,0.8846153846153846,
http://iasted#PowerPoint_presentation,=,http://sigkdd#Registration_fee,,,,0.2564102564102564,,,,,
http://iasted#PowerPoint_presentation,=,http://sigkdd#Conference,,,0.5647342995169082,,,0.3388405797101449,,,
http://iasted#Activity_after_conference,=,http://sigkdd#Deadline_Paper_Submission,,,,,,,,,0.19999999999999996
http://iasted#Tax,=,http://sigkdd#Paper,,,,,,,,,0.19999999999999996
http://iasted#Conference_city,=,http://sigkdd#Conference_hall,0.7333333333333334,,,,0.7333333333333334,,,,0.7333333333333334
http://iasted#Introduction,=,http://sigkdd#Deadline_Author_notification,0.3571428571428571,,,,0.2272727272727273,,,,
http://iasted#LCD_projector,=,http://sigkdd#Exhibitor,,0.11111111111111116,,0.2727272727272727,,,,0.3842364532019704,
http://iasted#is_used_for,=,http://sigkdd#awarded_by,0.2727272727272727,,,,0.25,,,,0.2727272727272727
http://iasted#is_paid_by,=,http://sigkdd#searched_by,,,0.7151515151515152,,,0.4290909090909092,,,
http://iasted#Value_added_tax,=,http://sigkdd#Listener,,,0.525,,,0.31499999999999995,,,
http://iasted#Trip_day,=,http://sigkdd#Abstract,,,0.5833333333333334,0.25,,0.3500000000000001,,,
http://iasted#Delegate,=,http://sigkdd#Hotel,,,,0.3076923076923077,,,,,
http://iasted#Non_speaker,=,http://sigkdd#Conference,,,,,,,,,0.36363636363636365
http://iasted#is_equipped_by,=,http://sigkdd#searched_by,0.5,,0.712121212121212,,0.4117647058823529,0.42727272727272725,,,
http://iasted#is_situated_in,=,http://sigkdd#presentationed_by,,,,,0.30000000000000004,,,,
http://iasted#is_held_after,=,http://sigkdd#submit_until,,,,,0.2142857142857143,,,,
http://iasted#Coctail_reception,=,http://sigkdd#Committee,,,0.6346093993152816,,,0.380765639589169,,,
http://iasted#One_conference_day,=,http://sigkdd#Invited_Speaker,,,,,,,,,0.16666666666666663
http://iasted#Reviewer,=,http://sigkdd#Review,0.75,0.8,0.9107142857142857,0.8571428571428571,0.6,0.5464285714285715,,0.9571428571428571,0.75
http://iasted#is_paid_for,=,http://sigkdd#pay,,,,0.2857142857142857,,,,,
http://iasted#State,=,http://sigkdd#Best_Applications_Paper_Award,,,,,,,,0.41481216823193134,
http://iasted#done_till,=,http://sigkdd#Date,,,0.5740740740740741,,,0.34444444444444444,,,0.2222222222222222
http://iasted#Simulating,=,http://sigkdd#Registration_fee,0.3125,,,,,,,,
http://iasted#Person,=,http://sigkdd#Person,1.0,1.0,1.0,1.0,1.0,0.6,1.0,1.0,1.0
http://iasted#Introduction_of_speaker,=,http://sigkdd#Registration_fee,,,0.5719461697722568,,,0.3431677018633541,,,
http://iasted#is_present_in,=,http://sigkdd#submit_until,,,,,,,,,0.15384615384615385
http://iasted#Submissions_deadline,=,http://sigkdd#Document,,,0.5083333333333333,,,0.30499999999999994,,,
http://iasted#Departure_tax,=,http://sigkdd#Fee,,,0.5811965811965812,,,0.3487179487179488,,,
http://iasted#is_sent_after,=,http://sigkdd#presentation,0.3846153846153846,0.19047619047619047,0.6874236874236873,0.32000000000000006,0.3571428571428571,0.4124542124542123,,0.5452601568068425,0.3076923076923077
http://iasted#One_day_presenter,=,http://sigkdd#Program_Committee,,,,,,,,,0.23529411764705888
http://iasted#Brief_introduction_for_Session_chair,=,http://sigkdd#Deadline_Author_notification,,,0.5727513227513228,,,0.34365079365079365,,,
http://iasted#Conference_days,=,http://sigkdd#Conference_hall,0.8,,,,0.8,,,,0.8
http://iasted#Item,=,http://sigkdd#Hotel,0.4,,0.6333333333333333,0.4444444444444444,0.33333333333333337,0.38,,,
http://iasted#Transparency,=,http://sigkdd#Conference,0.41666666666666663,0.2222222222222222,0.6222222222222222,0.36363636363636365,0.3571428571428571,0.3733333333333333,,0.470550576184379,
http://iasted#Registation_deadline,=,http://sigkdd#Deadline,,,,0.5714285714285714,,,,,
http://iasted#Final_manuscript,=,http://sigkdd#General_Chair,,0.07999999999999996,,0.2068965517241379,,,,,
http://iasted#Tutorial_speaker,=,http://sigkdd#Silver_Supporter,,,,,,,,,0.1875
http://iasted#Viza,=,http://sigkdd#Review,0.33333333333333337,,,0.4,0.25,,,,
http://iasted#Refusing_manuscript,=,http://sigkdd#Organizing_Committee,,0.11428571428571432,,0.20512820512820507,,,,0.2264711520030669,
http://iasted#Double_hotel_room,=,http://sigkdd#Deadline_Paper_Submission,,,,,0.21212121212121215,,,,
http://iasted#Plenary_lecture,=,http://sigkdd#Sponzor_fee,,,0.6484848484848484,,,0.38909090909090904,,,0.19999999999999996
http://iasted#Full_day_tour,=,http://sigkdd#Fee,,,,,,,,0.050000000000000044,
http://iasted#City,=,http://sigkdd#Committee,0.33333333333333337,,,,0.2142857142857143,,,,
http://iasted#Worker_non_speaker,=,http://sigkdd#Speaker,,0.5714285714285714,,0.56,,,,0.8043478260869565,
http://iasted#is_dated_on,=,http://sigkdd#Date,,0.36363636363636365,,0.5333333333333333,,,,0.8076923076923077,
http://iasted#Book_proceeding,=,http://sigkdd#Abstract,,,0.525,,,0.31499999999999995,,,
http://iasted#Deadline_for_notification_of_acceptance,=,http://sigkdd#Deadline_Paper_Submission,,,,,,,,,0.3076923076923077
http://iasted#Plenary_lecture_speaker,=,http://sigkdd#Best_Applications_Paper_Award,,,,,,,,,0.2068965517241379
http://iasted#Author_information_form,=,http://sigkdd#Deadline_Author_notification,,0.34042553191489366,,,,,,,
http://iasted#Author_attendee_book_registration_fee,=,http://sigkdd#Author,,,0.7207207207207208,,,0.43243243243243246,,,
http://iasted#Departure_tax,=,http://sigkdd#Award,,,,0.2222222222222222,,,,,
http://iasted#IASTED_non_member,=,http://sigkdd#Program_Committee_member,,,,0.3414634146341464,,,,,
http://iasted#is_paid_by,=,http://sigkdd#awarded_by,,,,,,,,,0.4
http://iasted#Conference_Hiker,=,http://sigkdd#Conference,,,0.8655303030303031,,,0.5193181818181818,,0.94,
http://iasted#Deadline,=,http://sigkdd#Deadline,1.0,1.0,1.0,1.0,1.0,0.6,1.0,1.0,1.0
http://iasted#Transport_vehicle,=,http://sigkdd#Sponzor_fee,0.3529411764705882,,,,,,,,
http://iasted#One_conference_day,=,http://sigkdd#Conference_hall,0.6111111111111112,,,,0.4285714285714286,,,,
http://iasted#Author_book_proceedings_included,=,http://sigkdd#Author_of_paper_student,0.4375,,,,0.29268292682926833,,,,0.25
http://iasted#Conference_city,=,http://sigkdd#Conference,,0.7619047619047619,0.8808080808080808,0.8,,0.5284848484848486,,0.95,
http://iasted#Introduction_of_speaker,=,http://sigkdd#Invited_Speaker,0.4782608695652174,,,,0.3548387096774194,,,,
http://iasted#Time_zone,=,http://sigkdd#Committee,,,,,,,,,0.2222222222222222
http://iasted#Renting,=,http://sigkdd#Person,,,,,,,,,0.2857142857142857
http://iasted#Currency,=,http://sigkdd#Document,,,0.6416666666666667,,,0.385,,,
http://iasted#Form,=,http://sigkdd#Fee,0.25,,,,0.19999999999999996,,,0.050000000000000044,0.25
http://iasted#Place,=,http://sigkdd#Place,1.0,1.0,1.0,1.0,1.0,0.6,1.0,1.0,1.0
http://iasted#Mailing_list,=,http://sigkdd#Main_office,,,,,0.3076923076923077,,,,0.25
http://iasted#is_designed_for,=,http://sigkdd#City_of_conference,,,0.5518518518518519,,,0.33111111111111113,,,
http://iasted#Conference_Hiker,=,http://sigkdd#Conference_hall,0.75,0.7407407407407407,,0.7741935483870968,0.7058823529411764,,,,0.75
http://iasted#Payment_document,=,http://sigkdd#Program_Committee,,,0.5965686274509804,,,0.3579411764705882,,,0.17647058823529416
http://iasted#Trip_city,=,http://sigkdd#Abstract,,,0.6481481481481481,0.23529411764705888,,0.38888888888888884,,,
http://iasted#Computer,=,http://sigkdd#Webmaster,,0.15384615384615385,,0.3529411764705883,,,,,
http://iasted#Presenter_state,=,http://sigkdd#Best_Student_Paper_Supporter,0.3571428571428571,0.2564102564102564,,,0.24390243902439024,,,0.6048246463863592,
http://iasted#Modelling,=,http://sigkdd#Hotel,,,,,,,,,0.33333333333333337
http://iasted#Worker_non_speaker,=,http://sigkdd#Invited_Speaker,0.4444444444444444,,,,0.38095238095238093,,,,
http://iasted#Session_room,=,http://sigkdd#Sponzor,,,,,0.23529411764705888,,,,
http://iasted#Accepting_manuscript,=,http://sigkdd#Author_of_paper,,,,,,,,,0.15000000000000002
http://iasted#is_writen_by,=,http://sigkdd#submit_until,,,,,,,,,0.08333333333333337
http://iasted#Author_book_proceedings_included,=,http://sigkdd#Author,,0.23529411764705888,0.7291666666666666,0.3157894736842105,,0.4375,,0.8028571428571428,
http://iasted#Brief_introduction_for_Session_chair,=,http://sigkdd#Program_Chair,,,,0.24489795918367352,,,,0.3609625668449198,
http://iasted#is_sent_by,=,http://sigkdd#designed_by,,,0.6757575757575758,,,0.4054545454545455,,,
http://iasted#Conference_building,=,http://sigkdd#Conference,,0.64,0.8421052631578947,0.6896551724137931,,0.5052631578947369,,0.9142857142857144,
http://iasted#Money,=,http://sigkdd#Person,,,,0.36363636363636365,,,,,
http://iasted#is_prepared_by,=,http://sigkdd#searched_by,0.5,,,,0.4117647058823529,,,,
http://iasted#Tutorial,=,http://sigkdd#Author_of_paper,,,,,0.2272727272727273,,,,
http://iasted#Renting,=,http://sigkdd#Document,,0.18181818181818188,,0.4,,,,0.5091603053435114,
http://iasted#Car,=,http://sigkdd#Award,0.4,,0.5777777777777778,0.5,0.2857142857142857,0.3466666666666667,,,
http://iasted#is_visited_by,=,http://sigkdd#presentationed_by,,,0.6524886877828054,,,0.3914932126696833,,,
http://iasted#Value_added_tax,=,http://sigkdd#Deadline_Author_notification,0.2857142857142857,,,,,,,,
http://iasted#One_day_presenter,=,http://sigkdd#Invited_Speaker,,,,,0.26315789473684215,,,,
http://iasted#Author,=,http://sigkdd#Author,1.0,1.0,1.0,1.0,1.0,0.6,1.0,1.0,1.0
http://iasted#Record_of_attendance,=,http://sigkdd#Conference,0.35,,,,,,,,
http://iasted#Audiovisual_equipment,=,http://sigkdd#Main_office,,,0.5642135642135643,,,0.33852813852813857,,,
http://iasted#Presenter_city,=,http://sigkdd#Program_Committee,,,0.6568627450980392,,,0.39411764705882346,,,
http://iasted#is_held_in,=,http://sigkdd#hold,,,,0.2857142857142857,,,,,
http://iasted#Departure_tax,=,http://sigkdd#Deadline_Paper_Submission,,,,,,,,0.33817495280050347,
http://iasted#Coffee_break,=,http://sigkdd#Fee,,0.18181818181818188,,0.4,,,,0.7142857142857143,
http://iasted#is_sent_by,=,http://sigkdd#presentationed_by,0.4117647058823529,0.26086956521739135,,,,,,,
http://iasted#Research,=,http://sigkdd#Best_Research_Paper_Award,,0.4137931034482758,,0.48484848484848486,,,,0.7666666666666666,
http://iasted#Cd_proceening,=,http://sigkdd#Document,0.3076923076923077,,,,,,,,
http://iasted#Audiovisual_equipment,=,http://sigkdd#Author_of_paper_student,,,,,0.28,,,,
http://iasted#Plenary_lecture,=,http://sigkdd#Place,0.33333333333333337,,,,,,,,
http://iasted#is_connected_with,=,http://sigkdd#searched_by,0.2941176470588235,,,,0.21739130434782605,,,,
http://iasted#Taxi,=,http://sigkdd#Award,,,,0.2222222222222222,0.16666666666666663,,,,
http://iasted#Initial_manuscipt,=,http://sigkdd#General_Chair,,0.07692307692307687,,0.19999999999999996,,,,,
http://iasted#is_paid_by,=,http://sigkdd#payed_by,0.5,0.2857142857142857,,0.4444444444444444,,,,0.5091603053435114,
http://iasted#is_held_in,=,http://sigkdd#can_stay_in,0.36363636363636365,0.11764705882352944,,,0.33333333333333337,,,,
http://iasted#Money,=,http://sigkdd#Conference,,,0.6333333333333333,,,0.38,,,
http://iasted#Fee,=,http://sigkdd#Fee,1.0,1.0,1.0,1.0,1.0,0.6,1.0,1.0,1.0
http://iasted#Viza,=,http://sigkdd#Organizator,,0.18181818181818188,,,,,,0.600990099009901,
http://iasted#Worker_non_speaker,=,http://sigkdd#Conference_hall,,,,,,,,,0.2777777777777778
http://iasted#Shuttle_bus,=,http://sigkdd#Hotel,0.2727272727272727,,,,,,,,
http://iasted#Research,=,http://sigkdd#Review,,,,,,,,,0.25
http://iasted#Double_hotel_room,=,http://sigkdd#Hotel,0.2941176470588235,0.33333333333333326,,0.4545454545454546,,,,0.75,
http://iasted#is_paid_by,=,http://sigkdd#designed_by,,,,,0.41666666666666663,,,,
http://iasted#Author_information_form,=,http://sigkdd#Author_of_paper,0.4347826086956522,,,,0.32258064516129037,,,,
http://iasted#is_paid_with,=,http://sigkdd#notification_until,0.2777777777777778,,,,0.20833333333333337,,,,
http://iasted#Memeber_registration_fee,=,http://sigkdd#Registration_fee,0.6666666666666667,0.7777777777777778,,0.8,0.5,,,0.9054054054054055,
http://iasted#sign,=,http://sigkdd#design,0.6666666666666667,0.6666666666666666,,0.8,0.5,,,0.9,
http://iasted#Submission,=,http://sigkdd#Deadline_Paper_Submission,0.4,0.5161290322580645,,0.5714285714285714,,,,0.803030303030303,
http://iasted#done_till,=,http://sigkdd#design,0.33333333333333337,,,,0.25,,,,
http://iasted#Accepting_manuscript,=,http://sigkdd#Organizing_Committee,,0.11111111111111116,,0.19999999999999996,,,,,
http://iasted#is_dated_on,=,http://sigkdd#Start_of_conference,,,0.6081111870585555,,,0.36486671223513323,,,
http://iasted#Conference_restaurant,=,http://sigkdd#Conference_hall,0.5714285714285714,,,,0.4444444444444444,,,,0.5238095238095238
http://iasted#Simulating,=,http://sigkdd#Committee,,,,,,,,,0.19999999999999996
http://iasted#Deadline_hotel_reservation,=,http://sigkdd#Deadline,,,0.7692307692307692,0.47058823529411764,,0.46153846153846145,,0.85,
http://iasted#Dinner_banquet,=,http://sigkdd#Listener,,0.11111111111111116,,0.2727272727272727,,,,0.3938531587933978,
http://iasted#go_through,=,http://sigkdd#holded_by,,,,,,,,,0.09999999999999998
http://iasted#is_dated_on,=,http://sigkdd#holded_by,0.36363636363636365,,,,0.3076923076923077,,,,
http://iasted#Conference_activity,=,http://sigkdd#Conference_hall,0.5789473684210527,,,,0.4782608695652174,,,,0.5789473684210527
http://iasted#Technical_commitee,=,http://sigkdd#Organizator,,,,,,,,,0.16666666666666663
http://iasted#is_given_by,=,http://sigkdd#searched_by,,,0.6363636363636364,,0.36363636363636365,0.38181818181818183,,,0.36363636363636365
http://iasted#Trip_city,=,http://sigkdd#Organizing_Committee,0.30000000000000004,,,,,,,,
http://iasted#Speaker_lecture,=,http://sigkdd#Speaker,0.4666666666666667,0.5555555555555556,0.8222222222222223,0.6363636363636364,,0.4933333333333334,,0.9,0.4666666666666667
http://iasted#Plenary_lecture_speaker,=,http://sigkdd#Best_Research_Paper_Award,,,0.6027173913043479,,,0.3616304347826087,,,
http://iasted#Record_of_attendance,=,http://sigkdd#Author_of_paper,,0.12903225806451613,,0.22857142857142854,,,,,0.25
http://iasted#Worker_lecturer,=,http://sigkdd#Sponzor_fee,,,0.592929292929293,,,0.3557575757575757,,,
http://iasted#is_made_from,=,http://sigkdd#design,,,,0.2222222222222222,,,,,
http://iasted#Shuttle_bus,=,http://sigkdd#Committee,,,0.5723905723905723,,,0.3434343434343434,,,
http://iasted#Author_attendee_cd_registration_fee,=,http://sigkdd#Author,,,0.7238095238095239,,,0.4342857142857144,,,
http://iasted#is_visited_by,=,http://sigkdd#searched_by,0.46153846153846156,,,,0.4,,,,
http://iasted#Full_day_tour,=,http://sigkdd#Exhibitor,,,,0.18181818181818188,,,,,
http://iasted#sign,=,http://sigkdd#submit,,,,,,,,,0.16666666666666663
http://iasted#Value_added_tax,=,http://sigkdd#Silver_Supporter,,,,,0.23529411764705888,,,,
http://iasted#give,=,http://sigkdd#Name,,,,0.25,,,,,0.25
http://iasted#Brief_introduction_for_Session_chair,=,http://sigkdd#Registration_SIGMOD_Member,0.36111111111111116,,,,,,,,
http://iasted#Value_added_tax,=,http://sigkdd#Invited_Speaker,,0.07692307692307687,,0.19999999999999996,,,,,
http://iasted#is_situated_in,=,http://sigkdd#can_stay_in,0.4285714285714286,,,,,,,,
http://iasted#done_till,=,http://sigkdd#submit_until,,0.11764705882352944,,0.2857142857142857,,,,0.42092791219755554,
http://iasted#Overhead_projector,=,http://sigkdd#Gold_Supporter,,,0.6566137566137565,,,0.39396825396825386,,,
http://iasted#is_connected_with,=,http://sigkdd#notification_until,,,0.5220043572984749,,,0.3132026143790849,,,
http://iasted#is_present,=,http://sigkdd#presentation,0.33333333333333337,0.5555555555555556,0.5583333333333333,0.6363636363636364,,0.33499999999999996,,0.7767722473604827,
http://iasted#Currency,=,http://sigkdd#Person,,,,,,,,,0.25
http://iasted#Book_proceeding,=,http://sigkdd#Author_of_paper_student,0.30434782608695654,,,,0.22580645161290325,,,,
http://iasted#Value_added_tax,=,http://sigkdd#Conference_hall,,,,,,,,,0.1333333333333333
http://iasted#is_sent_by,=,http://sigkdd#presentation,,,,0.36363636363636365,,,,0.5214285714285715,0.33333333333333337
http://iasted#Nonmember_registration_fee,=,http://sigkdd#Webmaster,,,,,,,,,0.11538461538461542
http://iasted#is_paid_with,=,http://sigkdd#searched_by,,,0.5656565656565656,,,0.33939393939393936,,,
http://iasted#occupy,=,http://sigkdd#Currency,,,,0.2857142857142857,,,,,
http://iasted#is_situated_in,=,http://sigkdd#Date,,0.1428571428571428,,0.33333333333333326,,,,0.5861486486486487,
http://iasted#Conference_hotel,=,http://sigkdd#Conference_hall,0.8125,0.7407407407407407,0.9123015873015873,0.7741935483870968,0.7647058823529411,0.5473809523809523,,,0.75
http://iasted#Activity_after_conference,=,http://sigkdd#Deadline_Author_notification,,,,,0.25806451612903225,,,,
http://iasted#is_designed_for,=,http://sigkdd#designed_by,0.6,0.6363636363636364,,0.6923076923076923,0.4736842105263158,,,,
http://iasted#is_given_by,=,http://sigkdd#designed_by,0.4545454545454546,,,,,,,,
http://iasted#Van,=,http://sigkdd#Deadline,0.25,,,,0.15384615384615385,,,,
http://iasted#City,=,http://sigkdd#Conference_hall,,,,,,,,0.050000000000000044,
http://iasted#is_held_after,=,http://sigkdd#Start_of_conference,,,0.4704790823211875,,,0.28228744939271255,,,
http://iasted#Research,=,http://sigkdd#Fee,,,0.6388888888888888,,,0.3833333333333333,,,
http://iasted#is_given_by,=,http://sigkdd#payed_by,,0.1333333333333333,,0.3157894736842105,,,,,
http://iasted#Sponsor_city,=,http://sigkdd#Sponzor,,,0.7857142857142857,0.42105263157894735,,0.4714285714285714,,0.6846081208687441,
http://iasted#Social_program,=,http://sigkdd#Silver_Supporter,0.25,,,,0.2222222222222222,,,,
http://iasted#Accepting_manuscript,=,http://sigkdd#Platinum_Supporter,,,0.653968253968254,,,0.3923809523809524,,0.23267585055312046,
http://iasted#Simulating,=,http://sigkdd#Webmaster,,,0.5444444444444444,,,0.32666666666666666,,,
http://iasted#PowerPoint_presentation,=,http://sigkdd#Registration_Student,,0.20512820512820507,,,,,,0.49889361278933886,
http://iasted#Video_presentation,=,http://sigkdd#Deadline_Author_notification,0.3214285714285714,,,,,,,,
http://iasted#Brief_introduction_for_Session_chair,=,http://sigkdd#Registration_Non-Member,,,,,0.26530612244897955,,,,
http://iasted#Session_chair,=,http://sigkdd#Registration_fee,,,0.6002331002331003,,,0.3601398601398602,,,
http://iasted#is_present_in,=,http://sigkdd#presentation,0.5384615384615384,0.47619047619047616,0.6341880341880343,0.56,,0.38051282051282054,,0.7153798545567074,
http://iasted#Video_cassette_player,=,http://sigkdd#Invited_Speaker,0.33333333333333337,,0.6039682539682539,,,0.36238095238095236,,,0.1428571428571429
http://iasted#has_amount_of,=,http://sigkdd#Start_of_conference,,0.1428571428571428,,0.25,,,,,
http://iasted#is_writen_by,=,http://sigkdd#searched_by,0.5,,,,0.46153846153846156,,,,
http://iasted#Deadline_for_notification_of_acceptance,=,http://sigkdd#Deadline_Author_notification,0.5384615384615384,0.6349206349206349,,0.4477611940298507,0.30000000000000004,,,0.8801008686419346,
http://iasted#need,=,http://sigkdd#payed_by,,,,0.33333333333333326,,,,,
http://iasted#Taxi,=,http://sigkdd#Exhibitor,,,0.611111111111111,,,0.3666666666666667,,,
http://iasted#Item,=,http://sigkdd#Fee,,,,,,,,,0.25
http://iasted#Credit_card,=,http://sigkdd#Review,,,0.6464646464646465,,,0.38787878787878793,,,
http://iasted#Overhead_projector,=,http://sigkdd#Deadline,,0.09090909090909094,,0.23076923076923084,,,,0.3556495468277946,
http://iasted#LCD_projector,=,http://sigkdd#Gold_Supporter,,,,,0.2666666666666667,,,,
http://iasted#is_prepared_by,=,http://sigkdd#payed_by,,0.33333333333333326,,0.4545454545454546,,,,,
http://iasted#Presenter_house,=,http://sigkdd#Document,,,,0.26086956521739135,,,,0.3826735994632673,
http://iasted#is_paid_for,=,http://sigkdd#awarded_by,,,,,0.16666666666666663,,,,0.18181818181818177
http://iasted#Author_attendee_cd_registration_fee,=,http://sigkdd#Registration_fee,0.4571428571428572,0.5957446808510638,,0.6274509803921569,0.2962962962962963,,,0.8260869565217391,
http://iasted#Cheque,=,http://sigkdd#Document,,,0.625,,,0.375,,,
http://iasted#Credit_card,=,http://sigkdd#Conference_hall,0.33333333333333337,,,,,,,,
http://iasted#Tutorial,=,http://sigkdd#General_Chair,,,0.5608974358974359,,,0.33653846153846156,,,
http://iasted#Initial_manuscipt,=,http://sigkdd#Organizing_Committee,,,0.5741830065359478,,,0.3445098039215686,,,
http://iasted#Coctail_reception,=,http://sigkdd#Conference_hall,0.2941176470588235,,,,0.21052631578947367,,,,0.17647058823529416
http://iasted#Value_added_tax,=,http://sigkdd#Deadline,,,,,,,,0.3938531587933978,
http://iasted#Presenter_state,=,http://sigkdd#Person,,,,,,,,,0.19999999999999996
http://iasted#prepare,=,http://sigkdd#pay,,,,0.4,,,,,
http://iasted#Viza,=,http://sigkdd#Invited_Speaker,,,0.4833333333333334,,,0.29000000000000004,,,
http://iasted#Conference_airport,=,http://sigkdd#Conference_hall,0.6111111111111112,,,,0.5238095238095238,,,,0.6111111111111112
http://iasted#PowerPoint_presentation,=,http://sigkdd#Organizing_Committee,,,,,,,,,0.17391304347826086
http://iasted#Cd_proceening,=,http://sigkdd#Fee,,,,0.25,,,,,
http://iasted#need,=,http://sigkdd#Name,,,0.6666666666666666,,,0.3999999999999999,,,
http://iasted#Time_zone,=,http://sigkdd#Person,0.33333333333333337,,0.611111111111111,0.2666666666666666,0.25,0.3666666666666667,,,
http://iasted#Transport_vehicle,=,http://sigkdd#Organizing_Committee,,,,,0.26086956521739135,,,,
http://iasted#Credit_card,=,http://sigkdd#Committee,,,,,,,,,0.2727272727272727
http://iasted#State,=,http://sigkdd#Hotel,,,,0.4,,,,,
http://iasted#Money,=,http://sigkdd#Hotel,0.4,,,,0.4,,,,0.4
http://iasted#Invitation_letter,=,http://sigkdd#Registration_Non-Member,0.4782608695652174,,,,,,,,
http://iasted#is_used_by,=,http://sigkdd#payed_by,,0.4285714285714286,,0.5555555555555556,,,,0.6456989247311828,
http://iasted#need,=,http://sigkdd#searched_by,0.2727272727272727,,,,,,,,
http://iasted#Conference_building,=,http://sigkdd#Conference_hall,0.631578947368421,,,,0.5217391304347826,,,,0.631578947368421
http://iasted#IASTED_non_member,=,http://sigkdd#Listener,,,0.6454248366013072,,,0.38725490196078427,,,0.17647058823529416
http://iasted#Review,=,http://sigkdd#Review,1.0,1.0,1.0,1.0,1.0,0.6,1.0,1.0,1.0
http://iasted#Full_day_tour,=,http://sigkdd#Author_of_paper,,,0.5094017094017094,,,0.3056410256410256,,,
http://iasted#Technic_activity,=,http://sigkdd#Abstract,,0.09999999999999998,,0.25,,,,0.372702823845809,
http://iasted#prepare,=,http://sigkdd#presentation,,0.1333333333333333,,,,,,0.5366457187745484,
http://iasted#Introduction,=,http://sigkdd#Abstract,,,0.611111111111111,,,0.3666666666666667,,,
http://iasted#Plenary_lecture,=,http://sigkdd#Platinum_Supporter,,,,,,,,0.09999999999999998,
http://iasted#Viza,=,http://sigkdd#Speaker,,,,,,,,,0.1428571428571429
http://iasted#has_amount_of,=,http://sigkdd#presentationed_by,0.23529411764705888,,,,,,,,
http://iasted#Social_program,=,http://sigkdd#Sponzor,,,0.5476190476190476,,,0.3285714285714285,,,
http://iasted#Overhead_projector,=,http://sigkdd#Invited_Speaker,,,,,,,,,0.16666666666666663
http://iasted#Conference_airport,=,http://sigkdd#Conference,,0.6666666666666666,0.8518518518518517,0.7142857142857143,,0.5111111111111111,,0.9222222222222223,
http://iasted#is_situated_in,=,http://sigkdd#presentation,,,,,,,,,0.2142857142857143
http://iasted#Worker_lecturer,=,http://sigkdd#Silver_Supporter,0.375,,,,0.3529411764705882,,,,
http://iasted#need,=,http://sigkdd#notification_until,,,,,,,,0.050000000000000044,
http://iasted#Technical_commitee,=,http://sigkdd#Committee,,0.4347826086956521,,0.4444444444444444,,,,0.6117216117216118,
http://iasted#go_through,=,http://sigkdd#obtain,,,0.5111111111111111,,0.1428571428571429,0.30666666666666664,,,
http://iasted#is_given_to,=,http://sigkdd#searched_by,,,0.5151515151515151,,0.18181818181818177,0.3090909090909091,,,0.18181818181818177
http://iasted#is_paid_in,=,http://sigkdd#pay,,,,0.3076923076923077,,,,,
http://iasted#is_equipped_by,=,http://sigkdd#payed_by,,0.33333333333333326,,0.4545454545454546,,,,0.5558871405317417,0.0714285714285714
http://iasted#is_dated_on,=,http://sigkdd#searched_by,,,,,,,,,0.2727272727272727
http://iasted#Presenter_university,=,http://sigkdd#Program_Committee,,,,,,,,,0.15000000000000002
http://iasted#Receiving_manuscript,=,http://sigkdd#Registration_Student,,,,,,,,,0.15000000000000002
http://iasted#Fee_for_extra_trip,=,http://sigkdd#Fee,,,0.7222222222222223,0.2857142857142857,,0.43333333333333335,,0.7666666666666666,
http://iasted#Cheque,=,http://sigkdd#Fee,0.33333333333333337,,,0.2222222222222222,,,,,
http://iasted#Building,=,http://sigkdd#Gold_Supporter,,,0.4642857142857142,,,0.27857142857142847,,,
http://iasted#Audiovisual_equipment,=,http://sigkdd#Author,,,,,,,,,0.1428571428571429
http://iasted#Taxi,=,http://sigkdd#Abstract,0.25,,,,,,,,
http://iasted#Publication,=,http://sigkdd#Program_Committee,,,,,,,,,0.11764705882352944
http://iasted#is_connected_with,=,http://sigkdd#payed_by,,,,0.24,,,,,
http://iasted#Tax,=,http://sigkdd#Award,,,0.5111111111111111,0.25,,0.30666666666666664,,,
http://iasted#Final_manuscript,=,http://sigkdd#Best_Paper_Awards_Committee,0.2592592592592593,,,,,,,,
http://iasted#Activity_before_conference,=,http://sigkdd#Registration_Non-Member,,,0.5697386349560262,,,0.34184318097361577,,,
http://iasted#is_held_before,=,http://sigkdd#City_of_conference,,,0.5608465608465608,,,0.3365079365079364,,,
http://iasted#Fee_for_extra_trip,=,http://sigkdd#Sponzor_fee,,0.16000000000000003,,,,,,,0.16666666666666663
http://iasted#Student_non_speaker,=,http://sigkdd#Speaker,,0.4545454545454546,,0.5384615384615384,,,,0.8125,
http://iasted#Presenter_house,=,http://sigkdd#Best_Student_Paper_Supporter,0.3214285714285714,,,,0.2195121951219512,,,,
http://iasted#Delegate,=,http://sigkdd#Deadline_Author_notification,,,,,,,,0.09999999999999998,
http://iasted#Sponzorship,=,http://sigkdd#Sponzor,,0.7142857142857143,0.8787878787878788,0.7777777777777778,,0.5272727272727273,,0.9333333333333333,
http://iasted#Conference_state,=,http://sigkdd#Conference_hall,0.75,,,,0.7058823529411764,,,,0.6875
http://iasted#Conference_hall,=,http://sigkdd#Conference_hall,1.0,1.0,1.0,1.0,1.0,0.6,1.0,1.0,1.0
http://iasted#Registation_deadline,=,http://sigkdd#Registration_fee,,0.5,,,,,,0.8264929640495251,
http://iasted#is_present_in,=,http://sigkdd#searched_by,,,,,0.2666666666666667,,,,
http://iasted#State,=,http://sigkdd#Speaker,0.4285714285714286,,0.6761904761904761,,,0.4057142857142857,,,
http://iasted#is_used_by,=,http://sigkdd#designed_by,0.5454545454545454,,0.7590909090909091,,,0.45545454545454556,,,
http://iasted#Registration,=,http://sigkdd#Registration_fee,0.75,0.8333333333333334,0.9166666666666666,0.8571428571428571,0.6,0.55,,0.9666666666666667,0.75
http://iasted#Presenter_house,=,http://sigkdd#Person,,,,,,,,,0.19999999999999996
http://iasted#Sponsor,=,http://sigkdd#Sponzor,0.8571428571428572,0.4,0.9047619047619048,0.5714285714285714,0.8571428571428572,0.5428571428571429,,0.7657947686116701,0.8571428571428572
http://iasted#Hotel_presenter,=,http://sigkdd#Gold_Supporter,0.33333333333333337,,,,0.3125,,,,
http://iasted#Initial_manuscipt,=,http://sigkdd#Invited_Speaker,,,,,,,,0.09999999999999998,0.17647058823529416
http://iasted#Form,=,http://sigkdd#Committee,,,0.611111111111111,,,0.3666666666666667,,,
http://iasted#Fee_for_extra_trip,=,http://sigkdd#Deadline_Author_notification,0.2857142857142857,,,,,,,,
http://iasted#Accepting_manuscript,=,http://sigkdd#Best_Paper_Awards_Committee,0.2592592592592593,,,,0.20588235294117652,,,,
http://iasted#Bank_transfer,=,http://sigkdd#Registration_fee,0.375,,,,0.3157894736842105,,,,0.1875
http://iasted#City,=,http://sigkdd#Hotel,,,,,,,,,0.19999999999999996
http://iasted#Time,=,http://sigkdd#Fee,,,,,0.19999999999999996,,,,
http://iasted#Presenter_state,=,http://sigkdd#Author_of_paper_student,,,,0.26315789473684204,,,,,
http://iasted#Van,=,http://sigkdd#Award,,,0.5111111111111111,,,0.30666666666666664,,,
http://iasted#is_used_for,=,http://sigkdd#payed_by,,0.1333333333333333,,0.3157894736842105,,,,,
http://iasted#Camera_ready_manuscript_deadline,=,http://sigkdd#Author_of_paper_student,0.28125,,,,0.2195121951219512,,,,
http://iasted#Cheque,=,http://sigkdd#Speaker,,,,,0.25,,,,0.2857142857142857
http://iasted#Speaker_lecture,=,http://sigkdd#Sponzor_fee,,,,,0.3157894736842105,,,,
http://iasted#Activity_before_conference,=,http://sigkdd#Author_of_paper_student,,,,,,,,,0.15384615384615385
http://iasted#has_amount_of,=,http://sigkdd#submit_until,,,,,0.2142857142857143,,,0.36379123431934335,0.23076923076923073
http://iasted#Deadline_hotel_reservation,=,http://sigkdd#Deadline_Paper_Submission,,,,,,,,,0.42307692307692313
http://iasted#Video_presentation,=,http://sigkdd#Registration_fee,,,0.5916666666666667,0.2941176470588236,,0.355,,,
http://iasted#is_held_in,=,http://sigkdd#awarded_by,,,,,,,,,0.19999999999999996
http://iasted#Hotel_room,=,http://sigkdd#Hotel,0.5,0.5454545454545454,0.8333333333333334,0.6666666666666666,0.33333333333333337,0.5,,0.9142857142857144,0.5
http://iasted#Session,=,http://sigkdd#Deadline_Paper_Submission,,0.2142857142857143,,0.3125,,,,0.5474613686534217,
http://iasted#Time,=,http://sigkdd#Document,,,,0.33333333333333326,,,,,
http://iasted#Presenter_state,=,http://sigkdd#Registration_Student,,,0.6944444444444445,,,0.41666666666666674,,,
http://iasted#Single_hotel_room,=,http://sigkdd#Silver_Supporter,,,0.6033496732026145,,0.2222222222222222,0.3620098039215687,,,0.17647058823529416
http://iasted#Time,=,http://sigkdd#Hotel,,,,,,,,,0.19999999999999996
http://iasted#Listener,=,http://sigkdd#Listener,1.0,1.0,1.0,1.0,1.0,0.6,1.0,1.0,1.0
http://iasted#Social_program,=,http://sigkdd#Program_Chair,,0.4347826086956521,,0.5185185185185185,,,,0.6700293255131965,
http://iasted#is_given_to,=,http://sigkdd#Currency,,,,0.21052631578947367,,,,,
http://iasted#Bank_transfer,=,http://sigkdd#Abstract,,0.11764705882352944,,0.2857142857142857,,,,0.40649350649350646,
http://iasted#Nonmember_registration_fee,=,http://sigkdd#Registration_Non-Member,,,,,,,,0.9522555275263391,
http://iasted#Conference_days,=,http://sigkdd#Conference,,0.7619047619047619,0.8888888888888888,0.8,,0.5333333333333333,,0.95,
http://iasted#One_day_presenter,=,http://sigkdd#Best_Research_Paper_Award,,0.10526315789473684,,,,,,,
http://iasted#Camera_ready_manuscript_deadline,=,http://sigkdd#Deadline_Abstract_Submission,,,0.5858566252587992,,,0.3515139751552796,,,
http://iasted#is_connected_with,=,http://sigkdd#Nation,,,,,,,,,0.11764705882352944
http://iasted#occupy,=,http://sigkdd#obtain,,,,,,,,0.050000000000000044,0.16666666666666663
http://iasted#Deadline_hotel_reservation,=,http://sigkdd#Deadline_Author_notification,0.5714285714285714,0.4,,,0.5333333333333333,,,,
http://iasted#Presentation,=,http://sigkdd#Registration_Student,,0.2857142857142857,,,,,,0.6493688639551192,
http://iasted#Departure,=,http://sigkdd#Award,,,,0.2857142857142857,,,,,
http://iasted#Receiving_manuscript,=,http://sigkdd#Fee,,,0.5888888888888889,,,0.3533333333333333,,,
http://iasted#Computer,=,http://sigkdd#Committee,0.5555555555555556,,0.7046296296296296,,0.5,0.4227777777777777,,0.5542311661506708,0.4444444444444444
http://iasted#Tutorial,=,http://sigkdd#Exhibitor,,0.15384615384615385,,0.3529411764705883,,,,0.45717234262125905,
http://iasted#PowerPoint_presentation,=,http://sigkdd#Deadline_Paper_Submission,,,,,0.2222222222222222,,,,
http://iasted#LCD_projector,=,http://sigkdd#Silver_Supporter,,,,,,,,,0.1875
http://iasted#Registration_form,=,http://sigkdd#Registration_fee,0.8235294117647058,0.8275862068965517,0.8968954248366012,0.8484848484848485,0.7777777777777778,0.5381372549019607,,0.9342115111144376,0.8235294117647058
http://iasted#is_paid_in,=,http://sigkdd#can_stay_in,0.36363636363636365,0.11764705882352944,0.6359307359307359,,0.33333333333333337,0.38155844155844154,,,
http://iasted#Presentation,=,http://sigkdd#Registration_fee,0.4375,,0.7527777777777779,0.3571428571428572,,0.45166666666666666,,,0.3125
http://iasted#Lecturer,=,http://sigkdd#Document,,,0.625,,,0.375,,,
http://iasted#Mailing_list,=,http://sigkdd#Listener,,0.25,,0.4,,,,0.5389576883384932,
http://iasted#send,=,http://sigkdd#hold,,,,,0.25,,,,
http://iasted#Coctail_reception,=,http://sigkdd#Registration_fee,,0.13793103448275867,,0.24242424242424243,,,,0.3464980114891737,
http://iasted#sign,=,http://sigkdd#Price,,,0.4833333333333334,,,0.29000000000000004,,,
http://iasted#is_writen_by,=,http://sigkdd#awarded_by,,,0.7000000000000001,,,0.42000000000000004,,,
http://iasted#Fee_for_extra_trip,=,http://sigkdd#Author_of_paper,,,,,0.23809523809523814,,,,
http://iasted#go_through,=,http://sigkdd#hold,0.19999999999999996,,,0.1428571428571428,,,,,
http://iasted#Car,=,http://sigkdd#Paper,,,,,,,,,0.19999999999999996
http://iasted#Hotel_presenter,=,http://sigkdd#Hotel,,0.375,0.7777777777777777,0.5,,0.46666666666666656,,0.8578947368421053,0.33333333333333337
http://iasted#Book_proceeding,=,http://sigkdd#Program_Chair,,0.08333333333333337,,,,,,0.31428972487366647,
http://iasted#is_paid_with,=,http://sigkdd#pay,,,,0.2666666666666666,,,,,
http://iasted#Transport_vehicle,=,http://sigkdd#Gold_Supporter,,0.14814814814814814,,0.25806451612903225,,,,,
http://iasted#Nonauthor_registration_fee,=,http://sigkdd#Author_of_paper_student,,,,,,,,,0.11538461538461542
http://iasted#is_needed_for,=,http://sigkdd#awarded_by,0.3076923076923077,,,,,,,,0.15384615384615385
http://iasted#speak_in,=,http://sigkdd#can_stay_in,,0.1333333333333333,,0.3157894736842105,,,,,
http://iasted#Delegate,=,http://sigkdd#Deadline,,,0.6666666666666666,,0.375,0.3999999999999999,,,0.375
http://iasted#give,=,http://sigkdd#Price,0.4,,0.6333333333333333,,0.33333333333333337,0.38,,,
http://iasted#Cd_proceening,=,http://sigkdd#Committee,,,,,,,,,0.23076923076923073
http://iasted#Presenter_city,=,http://sigkdd#Best_Research_Paper_Award,,0.17142857142857149,,,,,,,
http://iasted#need,=,http://sigkdd#hold,,,,,0.25,,,,0.25
http://iasted#pay,=,http://sigkdd#pay,1.0,1.0,1.0,1.0,1.0,0.6,1.0,1.0,1.0
http://iasted#send,=,http://sigkdd#presentation,,0.16666666666666663,,,,,,0.5861486486486487,
http://iasted#is_situated_in,=,http://sigkdd#submit_until,,,0.5422077922077921,,,0.32532467532467524,,,
http://iasted#Welcome_address,=,http://sigkdd#Webmaster,0.33333333333333337,,,,0.23809523809523814,,,,
http://iasted#Sponsor_company_house,=,http://sigkdd#Sponzor_fee,0.38095238095238093,0.2142857142857143,,,,,,,0.33333333333333337
http://iasted#LCD_projector,=,http://sigkdd#Sponzor,0.3076923076923077,,,,,,,,
http://iasted#Sponzorship,=,http://sigkdd#Sponzor_fee,0.6363636363636364,,,,0.6363636363636364,,,,0.6363636363636364
http://iasted#Presenter_city,=,http://sigkdd#Program_Chair,,,,,,,,,0.2142857142857143
http://iasted#is_given_to,=,http://sigkdd#designed_by,0.2727272727272727,,,,,,,,
http://iasted#Session,=,http://sigkdd#Fee,,,0.6031746031746031,,,0.36190476190476195,,,
http://iasted#Brief_introduction_for_Session_chair,=,http://sigkdd#Registration_Student,,,,,,,,,0.08333333333333337
http://iasted#Transparency,=,http://sigkdd#Bronze_Supporter,,,,,,,,,0.125
http://iasted#IASTED_member,=,http://sigkdd#Listener,,,0.6698717948717948,,,0.4019230769230768,,,0.23076923076923073
http://iasted#is_held_before,=,http://sigkdd#payed_by,,0.11111111111111116,,0.2727272727272727,,,,,
http://iasted#Camera_ready_manuscript_deadline,=,http://sigkdd#Best_Applications_Paper_Award,,,,,,,,,0.125
http://iasted#Card,=,http://sigkdd#Award,0.6,0.4,0.6277777777777778,0.6666666666666666,0.5,0.3766666666666667,,0.7723577235772358,
http://iasted#Submission,=,http://sigkdd#Webmaster,,,,,0.2727272727272727,,,,0.30000000000000004
http://iasted#Building,=,http://sigkdd#Deadline,0.25,,,0.25,0.25,,,,0.25
http://iasted#Deadline_for_notification_of_acceptance,=,http://sigkdd#Deadline,,,0.7350427350427351,,,0.441025641025641,,,
http://iasted#is_signed_by,=,http://sigkdd#submit_until,,,,,,,,,0.08333333333333337
http://iasted#Car,=,http://sigkdd#Conference_hall,,,,,,,,0.050000000000000044,
http://iasted#Tip,=,http://sigkdd#Hotel,0.19999999999999996,,,0.25,0.1428571428571429,,,,
http://iasted#occupy,=,http://sigkdd#holded_by,0.2222222222222222,,,,0.16666666666666663,,,,
http://iasted#Author_attendee_book_registration_fee,=,http://sigkdd#Registration_fee,0.43243243243243246,0.5714285714285714,,0.6037735849056604,0.27586206896551724,,,0.8125,
http://iasted#Video_cassette_player,=,http://sigkdd#Place,,0.09090909090909094,,0.23076923076923084,,,,0.449945295404814,
http://iasted#Lecturer,=,http://sigkdd#Listener,0.5,,,,0.5,,,0.050000000000000044,0.5
http://iasted#write,=,http://sigkdd#Date,,,,0.4444444444444444,,,,,
http://iasted#Sponsor_state,=,http://sigkdd#Sponzor_fee,0.6153846153846154,0.30000000000000004,,,0.5333333333333333,,,,0.5384615384615384
http://iasted#Welcome_address,=,http://sigkdd#Deadline,,,,,,,,0.3826735994632673,
http://iasted#Modelling,=,http://sigkdd#Deadline,0.4444444444444444,0.15384615384615385,0.7916666666666666,0.3529411764705883,0.30000000000000004,0.475,,0.45717234262125905,
http://iasted#Welcome_address,=,http://sigkdd#Gold_Supporter,,,,,,,,,0.1333333333333333
http://iasted#Tip,=,http://sigkdd#Paper,,,0.5111111111111111,,,0.30666666666666664,,,0.19999999999999996
http://iasted#IASTED_member,=,http://sigkdd#Invited_Speaker,0.5333333333333333,,,,0.47058823529411764,,,,
http://iasted#Student_non_speaker,=,http://sigkdd#Silver_Supporter,,,,,,,,,0.1578947368421053
http://iasted#Currency,=,http://sigkdd#Conference,0.5,0.2857142857142857,,0.4444444444444444,0.41666666666666663,,,0.5869565217391305,
http://iasted#Hotel_registration_form,=,http://sigkdd#Hotel,,,0.7391304347826088,,,0.4434782608695653,,,0.21739130434782605
http://iasted#Overhead_projector,=,http://sigkdd#Organizator,0.33333333333333337,,,,,,,,
http://iasted#Trip_day,=,http://sigkdd#Main_office,,,,,,,,,0.18181818181818177
http://iasted#is_prepared_by,=,http://sigkdd#designed_by,,,0.6829004329004329,,,0.40974025974025974,,,
http://iasted#Shuttle_bus,=,http://sigkdd#Sponzor_fee,,,,,0.18181818181818177,,,,0.18181818181818177
http://iasted#Tutorial_speaker,=,http://sigkdd#Invited_Speaker,0.5,,0.7388888888888889,,0.47058823529411764,0.44333333333333336,,,
http://iasted#speak_in,=,http://sigkdd#submit_until,,,,,,,,0.050000000000000044,
http://iasted#Full_day_tour,=,http://sigkdd#Author,0.23076923076923073,,,,,,,,
http://iasted#Video_presentation,=,http://sigkdd#Deadline_Paper_Submission,,,,,0.25,,,,
http://iasted#Dinner_banquet,=,http://sigkdd#Conference,0.3571428571428571,,,,,,,,
http://iasted#Hotel_fee,=,http://sigkdd#Hotel,0.5555555555555556,0.6,0.8518518518518517,0.7142857142857143,0.3846153846153846,0.5111111111111111,,0.9307692307692308,0.5555555555555556
http://iasted#Session_room,=,http://sigkdd#Deadline_Paper_Submission,,0.18181818181818188,,,,,,0.4248366013071896,
http://iasted#Technic_activity,=,http://sigkdd#Fee,,,0.5763888888888888,,,0.3458333333333333,,,
http://iasted#is_held_after,=,http://sigkdd#awarded_by,,,,,,,,,0.15384615384615385
http://iasted#is_made_from,=,http://sigkdd#search,0.25,,,,0.16666666666666663,,,,
http://iasted#Author_information_form,=,http://sigkdd#Author_of_paper_student,,,,,,,,,0.30434782608695654
http://iasted#Activity,=,http://sigkdd#Abstract,,0.16666666666666663,0.5833333333333334,0.375,,0.3500000000000001,,0.511796357615894,
http://iasted#Camera_ready_manuscript_deadline,=,http://sigkdd#Deadline,,0.38888888888888884,,0.4,,,,0.7162162162162162,
http://iasted#speak_in,=,http://sigkdd#obtain,0.375,,0.625,,0.30000000000000004,0.375,,,
http://iasted#Van,=,http://sigkdd#Paper,,,,,,,,,0.19999999999999996
http://iasted#Submissions_deadline,=,http://sigkdd#Deadline_Paper_Submission,,0.6829268292682927,,,,,,0.9204387024816433,
http://iasted#Registration_fee,=,http://sigkdd#Registration_fee,1.0,1.0,1.0,1.0,1.0,0.6,1.0,1.0,1.0
http://iasted#Presentation,=,http://sigkdd#Organizator,,,,,0.3076923076923077,,,,
http://iasted#Session_chair,=,http://sigkdd#General_Chair,0.5384615384615384,,,,0.5384615384615384,,,,0.5384615384615384
http://iasted#Non_speaker,=,http://sigkdd#Speaker,0.6363636363636364,0.7142857142857143,,0.7777777777777778,,,,0.9117647058823529,
http://iasted#Shuttle_bus,=,http://sigkdd#Silver_Supporter,,,,,,,,0.050000000000000044,
http://iasted#is_held_before,=,http://sigkdd#awarded_by,,,,,,,,,0.2142857142857143
http://iasted#Departure,=,http://sigkdd#Deadline,0.4444444444444444,,0.6064814814814815,,0.4,0.36388888888888893,,,0.2222222222222222
http://iasted#Conference_hotel,=,http://sigkdd#Conference,,,,,,,,0.94,
http://iasted#Technical_commitee,=,http://sigkdd#General_Chair,,,0.6545584045584046,,,0.3927350427350428,,,
http://iasted#Worker_lecturer,=,http://sigkdd#Speaker,,0.11111111111111116,,0.2727272727272727,,,,0.40980629539951574,
http://iasted#send,=,http://sigkdd#search,0.33333333333333337,,,0.4,,,,,0.33333333333333337
http://iasted#Technic_activity,=,http://sigkdd#Deadline_Author_notification,0.2857142857142857,,,,,,,,
http://iasted#is_visited_by,=,http://sigkdd#payed_by,,0.3529411764705883,,0.47619047619047616,,,,0.573497009757633,
http://iasted#Publication,=,http://sigkdd#Best_Applications_Paper_Award,,0.33333333333333326,,0.4,,,,0.6125295802715158,
http://iasted#Author_cd_proceedings_included,=,http://sigkdd#Author,,0.25,0.7333333333333334,0.33333333333333326,,0.44000000000000006,,0.8090909090909091,
http://iasted#Tutorial,=,http://sigkdd#Author,0.375,,,,,,,,0.25
http://iasted#Nonmember_registration_fee,=,http://sigkdd#Registration_fee,0.6153846153846154,0.7368421052631579,,0.7619047619047619,0.4444444444444444,,,,
http://iasted#City,=,http://sigkdd#Exhibitor,,,,0.3076923076923077,,,,,
http://iasted#Lecture,=,http://sigkdd#Review,,,,0.3076923076923077,,,,,
http://iasted#is_needed_for,=,http://sigkdd#End_of_conference,,,0.6082544906074318,,,0.364952694364459,,,
http://iasted#Taxi,=,http://sigkdd#Paper,,,,,,,,,0.19999999999999996
http://iasted#is_connected_with,=,http://sigkdd#End_of_conference,,0.1333333333333333,,,,,,0.27479674796747966,
http://iasted#Mailing_list,=,http://sigkdd#Bronze_Supporter,,,0.5277777777777778,,,0.31666666666666665,,,
http://iasted#Book_proceeding,=,http://sigkdd#Fee,,,,0.2222222222222222,,,,,
http://iasted#Single_hotel_room,=,http://sigkdd#Hotel,0.2941176470588235,0.33333333333333326,,0.4545454545454546,,,,0.75,
http://iasted#Sponsor_company_house,=,http://sigkdd#Program_Committee_member,,,,,0.2592592592592593,,,,
http://iasted#Session_room,=,http://sigkdd#Sponzor_fee,,,,,,,,,0.25
http://iasted#Video_presentation,=,http://sigkdd#Registration_Student,,0.23529411764705888,,,,,,0.5557797205409848,
http://iasted#Trip_day,=,http://sigkdd#Author_of_paper,0.2666666666666667,,,,0.18181818181818177,,,,
http://iasted#Shuttle_bus,=,http://sigkdd#Author,,,,0.23529411764705888,,,,,
http://iasted#is_occupied_by,=,http://sigkdd#awarded_by,,,0.6190476190476191,,,0.37142857142857144,,,
http://iasted#is_held_in,=,http://sigkdd#City_of_conference,,,0.5407407407407407,,,0.3244444444444444,,,
http://iasted#Introduction,=,http://sigkdd#Registration_fee,,0.16666666666666663,,0.2857142857142857,,,,0.39469192694999156,0.25
http://iasted#Dinner_banquet,=,http://sigkdd#Silver_Supporter,,,0.6190476190476191,,0.2777777777777778,0.37142857142857144,,,0.3125
